인삼,칡,칡과 인삼에 많은 사포닌은 혈액을 맑게 하고 혈액순환을 활발하게 만드는 효능이 있다. 그래서 면역력을 높이고 암 발생을 억제하는 데도 효과적이다.
인삼,해삼,"인삼과 해삼을 넣어 만든 '쌍삼탕'은 궁합이 좋은 음식이다. 항암효과, 고혈압, 동맥경화, 심부전, 빈혈, 당뇨에 좋은 인삼의 성분과 해삼의 칼슘, 요오드, 양질의 단백질은 신진대사를 촉진하고 혈액을 정화하는 보양식으로 좋다."
인삼,엿기름,인삼의 쓴맛을 잡아주어 좋다. 주로 인삼조청으로 먹는다.
치자,밀가루,치자 밀가루 팩은 염좌나 염증을 가라앉힌다.
치자,마늘,지혈 및 소염작용에 좋다.
칡,미나리,해열작용 및 술독을 풀고 뇌혈류 상태를 개선한다.
칡,녹차,칡과 녹차를 배합하면 설사를 멈추는 효능이 증대된다.
황기,상황버섯,운동능력을 늘릴 수 있고 운동을 지나치게 한 후 피로를 빨리 풀 수 있다.
황기,당귀,피부를 윤택하게 하고 원기를 도우는 데 좋다.
황기,감초,고름을 나오게 하고 독을 없애며 새살을 돋게 한다.
강낭콩,달래,강낭콩과 달래는 궁합이 잘 맞다. 자양 효능도 더 커지고 특히 이뇨작용이 강화되어 부기가 잘 빠진다.
강낭콩,양파,강낭콩과 양파를 배합하면 심장병과 고혈압에 좋다. 강낭콩은 덩굴 줄기에 긴 깍지로 된 열매가 있고 그 속에 씨가 있어 이를 식용한다. 강낭콩은 밥에 넣어 먹거나 껍질을 벗기고 가루 내어 떡의 소나 고물로 쓰기도 한다. 풋열매를 깍지째 밀가루를 묻히고 달걀을 입혀 부쳐 먹어도 좋다.
강낭콩,당근,당뇨병성 지방간일 때는 인슐린의 원료가 되는 아연을 함유한 강낭콩을 당근과 함께 섞어서 음식을 만들어 먹으면 좋다.
검은콩,설탕,맛있다.
검은콩,흑임자,폴리페놀의 일종인 안토시아닌 성분이 검은색 색소에 들어 있어서 강력한 항산화작용을 한다.
검은콩,감초,감두탕은 검은콩(쥐눈이콩)과 감초를 넣어 끓인 단순한 처방인데 중금속이나 약물중독에 뛰어난 해독작용을 한다. 황제내경이나 동의보감 본초도경에도 언급되어있을정도로 검은콩의 해독능력은 뛰어나다. 옛날 황제들은 항상 독살에 대한불안감 때문에 감두탕을 일상으로 마셨다고 한다.
검은콩,현미식초,"식초가 콩에 풍부한 단백질의 소화흡수를 도우며, 체내의 세균번식을 억제하는 작용을 한다."
녹두,치자,녹두와 치자를 배합하면 갱년기장애로 얼굴에 홍조와 열감이 있고 땀이 나다가 어느새 한기를 느끼는 경우에 좋다.자율신경중추의 혼란이 혈관운동신경에 실조를 일으켜 야기된 증후들이다. 치자물을 들인 녹두지짐이 좋다.
녹두,대추,녹두와 대추를 배합하면 부종이나 배에 물이 차는 복수에 좋다.
녹두,팥,녹두와 팥을 배합하면 이뇨작용이 강해진다.
메밀,무,찬성 분을 가지고 있어 체질상 냉한 사람은 메밀을 먹으면 소화가 잘 안되고 배탈이 나기 쉽다. 메밀을 무와 함께 먹으면 메밀의 독성이 해독되며 소화도 잘 된다. 메밀의 찬성 분을 무의 따뜻한 성분과 잘 어울리기 때문이다. 메밀소바에 무즙을 올려 먹는 것 역시 그러한 이유다. 
메밀,오렌지,"메밀은 성인병에서 구제해줄 ‘희망의 곡물’이기도 하다. 콜라겐을 만들어 혈관을 튼튼하게 만들어주는 루틴 성분 덕분이다. 하루 필요량이 30mg인 이 성분이 메밀 100g에 100mg이 함유되어 있다. 왜 학자들이 메밀에 열광하는지 충분한 답이 된다. 루틴 흡수율을 높이려면 메밀을 먹을 때 비타민 C가 풍부한 음식을 곁들이도록. 레몬이나 오렌지, 브로콜리 등 비타민 C가 듬뿍 함유된 음식은 루틴의 콜라겐 생성 능력을 더욱 활성화시킨다."
메밀,당귀,"노화예방, 탄력강화, 피부조직 재생, 잔주름 예방에 좋다."
보리,꿀,보리와 꿀이 들어간 새싹보리분말주스는 식이섬유와 비타민이 들어있어 혈관청소에 좋다.
보리,아몬드,"아몬드, 콩, 보리 등 심장에 좋은 식품들을 함께 섭취하면 이들 사이의 시너지 효과 덕분에 나쁜 콜레스테롤로 알려진 LDL콜레스테롤 수치를 약물 치료만큼 낮출 수 있다."
보리,아보카도,"비타민 D,E 가 많아 뼈건강에 좋다."
보리,밀,밀이 열을 오르게 하는데 보리가 열을 내리게 하여 궁합이 좋다.
수수,설탕,"수수와 설탕을 배합하여 먹으면 급성 위장염, 구토 설사할 때 수수 볶은 가루와 설탕을 섞은 ‘수수응이’가 효과적이고, 수수와 설탕을 섞어 쪄서 먹으면 해수, 천식에 좋다."
수수,계란(달걀),수수와 달걀을 함께 먹으면 감기에 좋다.
수수,부추,수수와 부추를 함께 먹으면 성기능 저하와 신허 요통이 있을때 도움이 된다.
수수,대추,수수와 대추를 배합하여 먹으면 어린 아이들 소화불량에 효과를 볼 수가 있다.
옥수수,우유,옥수수는 삶거나 구워서 먹기도 하지만 프레이크나 크림수프 등으로 많이 먹는데 다른 종류의 단백질은 먹지 않고 옥수수만을 먹게 되면 발육이 안되어  성장이 멎고 만다.  이러한 옥수수의 결점을 보완할 수 있는 가장 우수한 식품이 우유이다. 우유에는 건강을 유지할 수 있는 필수 아미노산이 골고루 들어있어 옥수수와 잘 어울리는 식품이다. 그러므로 옥수수나 옥수수 가공품을 먹을 때 우유와  함께 먹는 것이 영양의 균형을 잡아주는 일이 된다
옥수수,완두콩,"옥수수와 완두콩 둘다 식이섬유가 있긴 하지만 혈당 지수를 빠르게 높이고, 영양 흡수율이 높아 체중 감량에 도움되지 않는다. 살찌기 좋은 조합이다."
옥수수,표고버섯,"면역력에 좋은 음식으로도 알려져 있습니다. 표고버섯의 베타글루칸이 면역세포의 반응을 활성화시켜주어 면역기능을 높여준다."
옥수수,고등어,"옥수수는 콜레스테롤을 낮추고,고등어에는 EPA, DHA가 많이 함유되어 있는데, 이 성분들은 뇌 세포의 재생과 뇌 기능향상, 기억력 증가, 치매와 우울증예방과 정신질환 예방에도 많은 도움을 준다."
옥수수,양파,콜레스테롤을 낮추고 소염작용에 좋다.
옥수수,마늘,"마늘과 옥수수가 콜레스테롤을 낮춰준다."
옥수수,두유,콜레스테롤을 낮추고 혈액순환을 촉진한다.
옥수수,바나나,"옥수수는 당질이 풍부하고 빠르게 에너지원이 되는 데다, 비타민C가 신진대사를 촉진해 아침식사 대용으로 충분하다. ​바나나 역시 에너지로 빨리 전환되므로 아침으로 좋다. 두유를 더하면 단백질이 보강된다."
옥수수,메밀,"콜레스테롤을 낮추고 빈혈 개선작용이 있다."
옥수수수염,율무,"피부미용, 당뇨치료에 좋다."
옥수수수염,삼겹살,"옥수수수염이 해독에 도움을 준다."
율무,녹찻잎,"충치균, 항균작용, 위장에 좋다."
율무,파인애플,소염작용 기미 주근깨 여드름 비만치료에 좋다.
율무,매실,감기에 좋다.
율무,둥글레,소염작용 기미 주근깨 여드름 비만치료에 좋다.
조,오리고기,조는 오리고기에 체했을 때 아주 효과가 있다. <천금방>에 오리고기를 먹고 병이 되어 가슴이 막히고 얼굴이 붉으며 먹지 못할 때 차좁쌀탕 한 잔을 먹으라 고 했다. 참고로 기러기가 좁쌀을 먹으면 몸이 무거워져서 날지 못한다고 한다.
조,붕어,"조와 붕어를 배합하면 설사에 효과가 있다. 차좁쌀과 붕어로 죽을 쑤는데 파를 넣으면 더 좋다. "
조,해파리,"<보제방>에는 차좁쌀 , 붕어 , 해파리 , 파로 죽을 쒀 소금으로 간해서 먹으면 좋다고 했다."
조,생지황,눈이 붓고 열이 나며 벌겋고 아플 때 신 좁쌀 뜨물에 생지황을 즙을 섞은 다음 그 물을 헝겊에 적셔 눈 위를 찜질하면 좋다.
조,식초,조와 식초를 배합하면 구토를 다스린다. 좁쌀가루를 식초에 타서 먹으면 즉효다.
조,황기,조와 황기라는 약재를 배합하면 임신 중 냉이 많을 때 좋다. 차조와 화기 각 40g을 끓여 3회에 나누어 마시면 좋다.
조,계란(달걀),"조와 달걀 흰자를 배합해서 외용하면 악성종기(독종)에 좋다. 차조 날것을 갓찧어 달걀 흰자위에 개어 환부에 붙인다. 참고로 개에 물린 데, 동상, 옻이 오른 데에는 차조를 날것 그대로 씹어 붙인다."
참깨,시금치,결석 생성을 예방한다.
참깨,부추,"참깨는 비타민E가 풍부하며 리놀산, 칼슘이 있어 혈관을 근력을 강화해줘 부추와 함께 먹으면 건강 효능이 배가 된다. 또 참깨의 고소함이 부추의 알싸함을 감싸줘 맛도 어울린다. 고기 중에서는 돼지고기와 잘 맞는다."
참깨,꿀,참깨와 꿀은 궁합이 좋아 기혈을 올려주는 기능이 있다 동의보감에서도 이렇게 참깨와 꿀을 넣은 환을 정신환으로 부르기도 했다고 한다 참깨환은 늙음을 잡아주는 기능이 있다.
참깨,두유,"두유는 참깨에 부족한 단백질과 칼슘을 보충해주므로, 참깨와 두유는 영양 궁합이 좋다."
참깨,고추,탈모와 두발건강에 좋다.
참깨,식초,뇌신경 세포기능을 활성화 하여 치매예방에 유효하다.
찹쌀,대추,"칼슘과 철분, 섬유의 함량이 부족한 찹쌀의 결점을 대추가 보완한다. 스태미나 강화에 좋다."
쌀,엿기름,"맛이 좋아 조청으로 많이 만들어 먹는다."
쌀,설탕,맛있다.
찹쌀,쑥,"섬유소, 칼슘, 철분을 보완해준다."
찹쌀,옻닭,"단백질과 탄수화물의 적절한 조화를 이룬다."
찹쌀,오리고기,"단백질과 탄수화물의 적절한 조화를 이룬다."
찹쌀,통밀,"식이섬유소가 풍부한 통밀은 포만감을 느끼게 해 체중 감량을 도와주며, 배변 촉진의 효능이 있어 대장암과 직장암을 예방해준다. "
멥쌀,우유,"설사, 어지럼증, 구토와 같은 위장 관련 증상에 좋다.모유 생산을 촉진해서 임신부에게 좋다."
멥쌀,마가루,위와 장에 좋다. 위장의 점막을 보호하고 재생을 촉진하는 작용을 한다.
멥쌀,곶감,"지혈과 숙취해소, 가슴이 답답하고 담이 많고 기침이 날 때, 만성기관지염에도 효과적이다."
콩,다시마,콩에 함유된 사포닌은 항암 효과와 과산화지방을 막아주는 성분이지만 체내에 들어오면 요오드를 몸 밖으로 배출하는 단점이 있다. 부족하기 쉬운 요오드의 균형을 맞춰주기 위해서는 콩을 먹을 때 다시마와 함께 먹으면 좋다.
콩비지,우거지,장 질환과 대장암 예방에 효과적이다.
콩,생선,된장에는 비린내를 없애는 효과도 있으므로 고등어나 게 등 비린내 나는 생선이나 육류 요리에 섞어 쓰면 냄새를 없애고 맛을 돋울 수 있다.
콩,생강,"콩과 생강 모두 무릎 관절에 좋다.생강은 천연 소염제 역할을 하여 통증 완화에 효과적이다."
콩,무,"무에 풍부한 아밀라아제는 전분 분해 효소로 잘 알려져 있는데, 아세트알데히드를 빠르게 몸 밖으로 배출시키는 역할을 한다."
콩기름,브로콜리,콩기름이나 참기름을 사용하면 브로콜리의 리놀렌산 효능이 상승된다.
메주콩,멸치,동의보감에서는 신경을 안정시키는 멸치와 화기를 내리는 된장을 함께 섭취하면 손발이 화끈거리는 증상이나 입에서 단내가 나는 것을 가라앉힐 수 있다고 한다.
메주콩,식초,"식초가 콩에 풍부한 단백질의 소화흡수를 도우며, 체내의 세균번식을 억제하는 작용을 한다."
된장국,부추,"된장에 들어있는 나트륨 성분을 부추에 함유된 칼륨이 몸밖으로 배출시켜주며, 된장에 부족한 비타민 A와 C를 보충해준다."
청국장,요구르트,"유산균 발효식단으로 다이어트에 좋다."
두유,솔잎,"중풍 .고혈압, 심장병, 신경통 ,요통에 효과가 있다."
두부,무,무에 없는 단백질을 두부에서 섭취할 수 있고 두부의 뭉치는 성질을 무가 풀어 주는 궁합이 아주 잘 맞는 음식이다.
완두콩,보리,"콜레스테롤을 줄이는 데 도움을 준다."
통밀,황기,통밀과 황기를 배합하면 땀을 많이 흘릴 때 좋다. 땀샘을 조절하여 다한증을 개선한다.
통밀,인삼,통밀과 인삼을 배합하면 기력 증강에 효과가 있답니다. 인삼은 파낙스 사이드가 함유되어 있어 기운을 돋우는 대표적인 약재다.
밀가루,녹두,"녹두가 소화를 촉진하므로 밀가루의 소화를 돕는다."
밀가루,엿기름,엿기름은 천연 소화제로 밀가루의 소화를 돕는다.
밀가루,무,무는 밀가루의 소화를 돕는다.
밀가루,식초,밀가루 음식을 먹고 체하는 것을 막아주려면 흩어줘야 한다. 흩는 방식에는 두 가지가 있다. 바로 강한 신맛과 매운맛이다. 중국집에 가면 테이블 위에 식초와 고춧가루가 놓여 있는 이유는 그 때문이다. 초고추장이나 냉면에 넣는 식초와 겨자도 같은 역할을 한다.
밀가루,두부,"밀가루와 두부의 궁합으로 콩국수가 있다. 콩국수는 콩의 단백질과 지방질을 그대로 살린데다 열을 내려주는 밀가루 국수까지 더해진 영양식이다. 땀을 많이 흘리는 여름에 먹으면 기를 보충해주는 데 큰 도움을 준다. 여기에 콩과 들깨를 갈아 넣거나 잣, 땅콩 등을 곁들이면 영양이 더욱 풍부해진다."
팥,소금,소금과 함께 드시게 되면 독도 풀어주고 배변도 부드럽게 해준다.
팥,콩나물,"노폐물을 배출하고 신장을 보호하게 해준다."
팥,율무,"피부미용 및 당뇨치료에 좋다."
팥,잉어,"잉어의 지방분은 불포화지방산이 주성분이기 때문에 동맥 경화와 고혈압인 사람에게도 매우 좋은 영양 공급원이 될 수 있습니다. 잉어에 팥을 넣고 삶으면 사포닌이 우러나와 체내에서 수분을 배출하는데 큰 도움을 준다."
팥,파,변비 치료 및 히로 회복에 좋다.
현미,쑥,함께 먹으면 영양성분이 상호보완되고 항암 효과가 상승한다.
현미식초,계란(달걀),현미식초에 계란(달걀)을 담가 초란으로 복용하면 골다공증과 기미에 좋다.
현미,다시마,현미를 볶아 다시마 우린 물을 넣고 끓여먹으면 설사로 인한 탈수증상에 좋다.
현미,무,현미에 무를 넣고 무밥을 해서 먹으면 중풍 예방 및 휴유증에 좋다.
현미식초,우유,피부보습 및 트러블 개선에 좋다.
현미,팥,변비치료와 피로회복에 좋다.
현미,콩,"변비에 좋고, 혈당과 콜레스테롤 수치를 조절하는 데 필수적인 섬유질이 많다."
현미,녹두,"소화촉진 및 복부 팽만감 감소,갈증해소에 좋다."
현미,땅콩,변비예방에 좋고 피로회복에 도움이 된다.
현미,율무,현미에도 식이섬유소가 풍부하여 변비 예방에 좋고 피로회복에 좋아 율무와 함께 섭취하였을때 영양적으로 우수하다.율무 현미 밥으로 해 먹는게 도움이 된다.
감,우유,"감은 기침이나 가래를 가라앉히는 효과가 있고 몸안의 열을 잡아준다.<동의보감>에는 비위와 소화기가 약한 사람이 감과 우유,꿀을 섞어 먹으면 증세가 호전된다고 한다. 또한, 우유제조기업에서도 우유와 궁합이 잘맞는 식품으로 감을 언급하며 함께 먹을것을 권장한다."
감,수정과,"곶감을 수정과에 띄워 먹으면, 곶감이 함유한 타닌 성분과 수정과에 들어있는 철분 성분이 결합하여 빈혈과 변비를 예방해준다."
감,견과류,호두나 잣같은 견과류와 함께 먹으면 견과류의 지방이 비타민 A흡수를 돕는다.
귤,꿀,비위가 약하여 기침이 심한 경우에는 귤 한 개를 통째 으깬 다음 꿀과 함께 끓여 농축시켜 먹으면 효과가 있다.
귤껍질,생선,귤껍질은 생선 요리에 넣으면 생선 비린내를 없애며 독을 풀어 주는 역할을 한다. 생선을 먹고 중독이 되었을 때 귤껍질을 진하게 달여 마시면 도움이 된다.
귤껍질,생강,"귤 껍질도 비타민 C가 많지만 예로부터 말려서 차로 달여 마셨기 때문에 차에 쓰일 재료로는 생강이 좋다. 굴 껍질을 말려 생강과 함께 달인 차를 `귤강차`라고 부르는데, 감기 예방에 효과적이며 기관지 건강에 좋다."
귤껍질,감초,"폐를 보하기 때문에 기침에 좋으며, 몸살에도 효과가 있다."
다래,생강,다래는 속이 느글거리고 구역질이 날때 좋다. 열매나 덩굴의 즙액을 마신다.그러나 생즙을 그냥 먹기 보다는 달여서 그 즙을 마시거나 생강즙을 타서 마시면 더 좋다.소변을 통해 신장 결석을 제거하는 효능도 있다.
다래,꿀,다래는 심한 갈증을 다스린다. 서리맞고 잘 익은것을 늘 먹으면 좋은데 동의보감에는 꿀에 넣어 정과를 만들어 먹으면 더 좋다고 했다.
도토리,생강,피로 회복 및 숙취해소에 좋다.
딸기,검은콩,탈모 및 면역력 증강에 도움이 된다.
자몽,파인애플,"자몽은 비타민C, B1이 풍부하며, 면역력을 높여주고 피로해소에 효과가 있다. 파인애플과 함께 마시면 효과가 더욱 커진다."
딸기,파프리카,비타민 C가 풍부해 감기예방에 좋다.
딸기,우유,딸기와 우유를 섞어먹으면 딸기의 자극적인 신맛을 중화시켜주어 먹기 편해진다. 또 같이 섞으면 천천히 먹게 되어 소화 효소의 활동을 돕는 효과가 있으므로 소화 흡수율 또한 좋다.
레몬,바나나,바나나 절단면에 레몬즙을 바르면 바나나가 검게 되는것을 막을수 있다.그만큼 레몬과 바나나는 궁합이 잘 맞는다.따라서 레몬과 바나나를 함께 갈아 주스를 마시면 좋다. 바나나 주성분은 탄수화물인데 레몬을 함께 먹으면 체액의 산성화를 막을수 있다. 
레몬,사과,"비타민C가 풍부한 레몬에 비타민A,사과산,구연산이 풍부한 사과를 배합하면 피로회복에 좋고 감기로 기침을 하거나 목이 아플때도 좋다. "
레몬,굴,"굴은 즉효성 자양강장제로 예로부터 '바다의 우유'로 불릴 정도인데,부패가 빠른게 흠이다. 이때 레몬을 떨어뜨리면 나쁜냄새도 제거되고, 레몬의 구연산이 식중독을 일으키는 세균의 번식을 억제하는 살균효과를 발휘하며,철분의 흡수 이용률로 향상시킨다."
레몬,포도,레몬과 포도에는 모두 구연산이 풍부하다.따라서 껍질과 씨를 제거한 포도를 믹서기에 갈아 레몬즙을 섞어 마시면 피로회복에 좋다.
레몬,우유,"생선요리를 할때 생선을 우유에 담갔다 음식을 만들면 비린내를 없앨 수 있다.그리고 레몬을 떨어뜨리면 우유 냄새를 없앨수 있다. 또,수제비 반죽할때 레몬을 넣으면 쫀득쫀득해진다."
레몬,인삼,<본초통현>에는 레몬과 인삼이 궁합에 잘맞는다고 한다.따라서 인삼차를 마실때 레몬즙을 한두 방울 떨어뜨려 마시면 좋다.
레몬,소금,레몬을 소금에 절여 먹으면 기가 위로 치밀어 오르는것을 내리고 위장이 더부룩하고 항상 불편한데 좋다.또 레몬을 소금에 담가 검게 된것은 열성의 전염성 질환후 가래가 끓을때 좋다.
레몬,차조기,더위를 방지하고 겨울에는 감기를 낫게 한다.그리고 뇌신경을 안정시킨다.
레몬,생강,"레몬 생강차는 신체에 다양한 건강 효과를 제공하는데, 신진대사를 자극하고, 에너지 레벨을 올려줄 뿐만 아니라 체중 감량, 통증 완화, 피부 개선, 소화 불량 완화, 인지 기능 향상, 면역력 강화 등의 효과가 있다. 따라서 두 가지 성분을 음료 형태로 함께 마시면 좋다."
매실,호두,"소화에 좋고, 혈압이나 콜레스트롤를 낮추는데 도움이 되며. 심장질환이나 신근경색을 예방한다."
매실,차조기,차조기는 세균번식억제로 부패예방과 신경안정에 효과가 있고 입맛증가와 피로회복에 좋은 매실의 효능을 높여준다.
매실,달래,몸속 활성산소를 제거해 암을 예방하고 암세포의 생성과 전이를 억제한다.
매실,생선,"천연소화제라 불리는 매실은 소화에 좋아, 생선이나 육류의 소화를 돕는다. 또한, 갈증을 해소하고 위염, 장염, 위암에 좋다."
멜론,파인애플,영양과잉으로 얼굴이 불그스름한 비만체질의 고혈압에 효과가 있다.
멜론,딸기,잇몸 건강에 좋다. 멜론과딸기를 우유나 요구르트와 함께 주스로 만들어 먹으면 비타민 등 유효성분이 흡수가 잘 된다.
멜론,바나나,"당질 흡수가 높아져 소아나 노인, 특히 과로하거나 심한 운동을 하는 경우에 에너지원으로 좋다. 또 피부가 거칠거나 뾰루지가 잘 날때도 좋다."
모과,생강,"모과는 가래를 삭혀주고 기침을 멎게하는데, 생강은 해열작용을 하여 감기에 좋다."
모과,계피,피로회복과 소화장애에 좋다.
모과,소금,간을 튼튼히 하고 설사를 멈추게 한다.
바나나,우유,"바나나의 마그네슘이 우유의 칼슘 흡수를 돕는다."
바나나,계란(달걀),"계란(달걀)로 단백질을 섭취하고, 바나나로 당을 섭취하면 한끼 식사로 든든하다."
바나나,딸기,딸기와 바나나는 잡티 에방과 같은 피부 미용에 좋다고 알려져 있는데 여기에 우유랑 같이 갈아 마시면 식사대용으로 좋다.
바나나,굴,당뇨병과 빈혈에 좋다.
바나나,견과류,"불포화지방산, 오메가 3, 비타민, 미네랄이 풍부한 견과류와 마그네슘이 풍부한 바나나를 같이 먹으면 건강을 챙길수 있다."
밤,쇠고기(소고기),"위장 기능을 강화하는 효소가 들어 있어 고기의 소화에 좋으며, 성인병 예방과 신장 보호에도 효과가 있다."
밤,양고기,양고기 찌개에 밤을 넣고 끓이면 뇌에 좋다.
밤,은행,"콜레스테롤을 낮추며, 혈액순환에 좋다."
밤,더덕,"사포닌 성분이 많이 함유돼 있어 폐의 기능을 강화해준다. 기침을 멈추게 하는 데 도움을 주는 것은 물론 해열, 거담, 소염 기능이 뛰어나므로 편도선염, 인후염 예방에도 효과적이다."
밤,설탕,"맛이 좋아 알밤조림을 만들 수 있다."
밤,돼지콩팥,위장기능을 강화한다.
배,무,무는 감기열을 내려주고 배는 기침완화에 좋아 감기에 좋다.
배,쌀,해열 작용 및 쌀의 소화를 돕는다.
배,두유,"빈혈예방에 효과적이고, 혈액순환을 촉진하여 고혈압예방에 효과적이다."
배,꿀,"가래, 기침, 천색,변비 예방, 갈증이 심한 숙취에도 알콜성분을 빨리 해독시키므로 좋다."
배,후추,배와 후추는 숙취 해소에도 좋지만 갑자기 나는 기침에도 효과적이다.
배,검은콩,"비타민 E가 많고, 뇌기능을 활성화 시킨다."
배,연근,염증과 지혈에 좋다.
배,육류,배는 알칼리성 식품이다. 산성 식품인 쇠고기 등 육류와 ‘찰떡궁합’이다.우선 육질이 부드러워진다. 배에 단백질 분해 효소가 들어 있기 때문이다. 또 배에 함유된 항산화 성분이 고기의 탄 부위에 생긴 벤조피렌 등 각종 발암물질의 독성을 일부 상쇄시킨다. 그리고 고기를 먹은 뒤 배를 디저트로 먹으면 소화가 잘된다. 배를 즐겨 먹으면 오래 건치(健齒) 상태를 유지할 수 있다.
복숭아,요구르트,"변비, 피를 맑게 한다."
복숭아,사과,변비 + 피로회복에 좋다. 변비 해소의 대표 과일이 바로 사과다.
복숭아,바나나,"변비, 술독, 니코틴 해독에 탁월하다. 원래 복숭아만 먹어도 니코틴 해독에 좋다고 한다."
복숭아,파인애플,소화를 돕고 장내 부패물을 분해해준다.
사과,파프리카,피부 미용에 좋다.
사과,로열젤리,피로회복에 좋다.
사과,인삼,사과와 인삼을 함께 먹으면 세포활력 작용이 강해져서 수술 후 상처가 빨리 아문다. 또한 식욕이 증진되면서 영양이 보충되어 회복도 빨라진다.
사과,당근,"당근사과주스는 눈에도 좋고 면역력 향상에도 좋다. 또한 활성 산소를 없애주는 효능이 있고, 암예방에 도움이 되고 노화예방에도 도움이 된다."
사과,양배추,양배추가 비타민 U를 채워준다.
사과,호박,"사과는 호박, 황도, 모과와 함께 먹으면 폐암예방에 도움이 된다. 사과에 풍부한 폴라보노이드라는 항산화 물질은 폐암을 예방할 수 있다."
사과,키위,"사과와 키위는 장내 유익한 균의 번식을 돕는 식물성 섬유질인 펙틴 성분이 풍부하다. 고로, 소화에 좋다."
사과,레몬즙,사과에는 각종 유기산이 풍부해 피로회복에 좋다. 이런 사과에 레몬즙을 배합하면 사과의 갈변을 막아줄 뿐 아니라 레몬의 유기산이 더해져 피로회복 효과가 상승한다.
살구,감,맛있다.
살구,오렌지,"살구에는 펙틴 및 사과산, 구연산 등의 함량이 많고, 비타민a의 함량이 높은 반면, 비타민c의 함량은 부족하다. 그래서 비타민c가 많이 들어있는 오렌지 주스와 함께 마시면 좋다."
살구,육류,맛있다.
살구,요구르트,맛있다.
수박,멜론,수박과 멜론을 같이 먹으면 체내 나트륨을 효과적으로 배출할 수 있다. 또한 고혈압이나 부종이 있는 사람도 함께 먹으면 좋다.
수박,토마토,피로회복 및 숙취해소에 좋다.
수박,블루베리,항산화 성분이 있어 미용에 좋다.
수박,복숭아,수박과 복숭아를 배합하면 간의 기능이 좋아진다. 복숭아가 정화 작용을 하기 때문이다.
수박,셀러리,수박과 셀러리 둘다 몸을 차게하여 더위에 좋다.
오미자,당귀,혈액순환을 촉진한다.
오미자,녹두,간장기능강화하고 피로회복에 좋다.
오미자,구기자,"구기자와 오미자의 조합은 수분 보충, 혈액 정화에 탁월, 혈액 순환을 도와 여름철 중풍 예방과 만성 피로, 갈증 해소에 좋다."
유자,구기자," 술독이 빨리 풀려 숙취해 좋다. 유자와 오리나무를 배합하면 알코올성 지방간을 예방할수 있고, 유자는 애주가의 구취에도 좋다." 
유자,된장,식욕을 돋우고 소화를 촉진하며 위염을 개선한다.
유자,잉어,유자와 잉어를 배합하면 복부수술(제왕절개) 후 소변이 시원치 않을때 좋다.
유자,차조기,생선을 먹고 식중독에 걸려 복통이 생기고 두드러기가 날때 효과가 있다. 차조기 잎도 생선 중독을 해독하므로 이 두가지를 배합하면 그 효력이 상승한다.
유자,무,"이 둘을 배합하셔 꿀에 재워 먹으면 가래,기침에 좋다.특히 유자는 과로에 의한 감기에 효과가 있고,무는 소화 장애를 겸한 감기에 효과적이다."
유자,쌀겨,비타민C 뿐만 아니라 피로를 회복시키는데 뛰어난 작용을 하는 유기산 성분인 구연산이 다량 함유되어 있다.
은행,참기름,맛있다.
은행,대추,기침과 천식에 효과가 있다.
은행,쑥,가래와 천식에 효과가 있다.
은행,구기자,미열이 오르고 뺨이 발개지고 갈증과 마른기침에 효과가 있다.
은행,호두,기침과 천식에 효과가 있다.
은행,게,은행의 독으로 피부염이 생겼다면 게삶은 물로 씻으면 효과가 있다.
은행,돼지기름,성감을 높이고 소변이 잦거나 대하증에 효과가 있다.
자두,시금치,자두와 시금치를 배합하면 빈혈에 좋다. 이 두가지 모두가 철분을 함유하고 있기 때문이다. 비타민c 유기산이 신진대사를 촉진한다.
자두,사과,"자두와 사과를 배합하면 변비에 좋다. 신진대사도 촉진하여 피로회복에도 좋고, 자두의 강장 및 건위작용과 사과의 펙틴 성분이 변비를 해소 하며, 자두의 미네랄과 사과의 유기산이 신진대사를 촉진한다."
자두,파파야,맛있다.
자두,참외,"더위로 갈증이 심할때 좋다. 참외에는 비타민a,b1,b2,c 및 각종 미네랄 등이 풍부하여 더위에 지친 몸을 회복하는데 아주 좋다."
자두,수박,수박의 이뇨작용이 더 뚜렷해지므로 부종과 복수 치료에 도움이 된다.
잣,해조류,"잣은 인이 많고 칼슘이 상대적으로 적은 산성 식품으로 칼슘이 풍부한 우유나 해조류, 또는 알칼리성 식품과 함께 섭취하면 영양적으로 보완이 되어 좋다."
잣,우유,"잣은 인이 많고 칼슘이 상대적으로 적은 산성 식품으로 칼슘이 풍부한 우유나 해조류, 또는 알칼리성 식품과 함께 섭취하면 영양적으로 보완이 되어 좋다."
잣,오미자,맛있다.
잣,찹쌀,맛있다.
잣,바나나,맛있다.
잣,밤,맛있다.
잣,생강,맛있다.
참외,돼지고기,맛있다.
참외,꿀,"신장병, 늑막염 초기에 효과가 있다."
키위,육류,키위의 과즙엔 단백질 분해효소인 악티니딘이 들어 있어 소화가 잘 된다.
토마토,양파,피로를 빨리 해소해 주며 혈압조절및 혈관을 튼튼하게 해준다.
토마토,부추,부추는 따뜻한 성질을 지녀 찬 성질인 토마토와 궁합이 좋다. 간기능 회복과 해독작용이 뛰어난 부추와 라이코펜이 풍부한 토마토는 영양학적으로 좋다.
토마토,사과,폐기능 향상에 좋다.
토마토,딸기,노화를 막는다.
포도,배,맛있다.
머루,요구르트,맛있다.
호두,인삼,맛있다.
호두,두충,맛있다.
호두,매실,맛있다.
호두,대추,맛있다.
호두,은행,맛있다.
호두,곶감,곶감은 호두나 잣같은 견과류와 같이 먹으면 좋다. 호두나 잣 등에는 지방이 많아 지용성비타민인 비타민 A의 흡수를 돕기때문이다.대표적음식으로 호두 곶감말이가 있다.
겨자,육류,육류의 느끼함과 냄새를 없애는데 도움이된다.
겨자,생선,생선의 느끼함과 냄새를 없애는데 도움이된다.
겨자,당밀,맛있다.
겨자,술,맛있다.
겨자,식초,위장에 자극을 주는 것을 방지하는 역할을 한다. 식초는 위산 분비를 촉진해 소화를 돕고 겨자의 매운맛은 뜨거운 성질을 가지고 있어 찬 냉면과 궁합이 잘 맞는다.
꿀,검은깨,검은깨에 꿀과 우유를 섞은것을 매일 아침에 공복에 타마시면 노인들이나 산모들의 변비가 낫는다.
꿀,두유,꿀이 우유의 영양소 흡수를 돕는다.
꿀,생강,"생강과 꿀을 함께 쪄서 공복에 복용하면 위궤양에 좋은 효과를보고 ,꿀과 우유를 반씩섞고 깨르 넣어 마시면 산후에도 좋고 변비에 좋은 효과를 볼수 있다."
꿀,호두,호두를 다진후 같은양의 꿀을 넣어 골고루 저어준다. 1일 2회씩 1숟가락복용하면 허한체질을 강하게 하는데 도움이 된다.
꿀,사과식초,피로회복에 효과가좋고 꿀과 식초를 약간 섞어 마시면 된다.
꿀,무,무와 꿀을 넣고 약한 불에 끓여 식힌후 복용하면 소화나 구토에 좋다.
꿀,참기름,꿀과 참기름을 섞은다.  따뜻한 물에 타서 하루 세번 마시면 마른기침이 없어진다.
로열젤리,꿀,맛있다.
프로폴리스,율무,외용하면 티눈 치료에 효과적이다.
마늘,양고기,마늘의 알싸한 향이 양고기 특유의 냄새를 잡아주어 마늘과 함께 먹으면 좋은 음식이다.
마늘,게,맛있다.
마늘,우유,"마늘은 면역력 증강 성분으로 알려진 알리신을 다량 함유하고 있는데, 알리신은 강력한 향균 및 살균작용을 하는 성분으로 유해균 증식을 억제하는데 도움이 된다. 하지만 마늘의 알싸한 향과 매운맛 때문에 호불호가 갈리기도 하는데, 이러한 마늘의 톡 쏘는 향과 맛을 부드럽게 감싸 안아줄 수 있는 식품으로 우유를 꼽는다. 우유 속 단백질이 마늘의 냄새를 줄이는데 톡톡한 역할을 하기 때문이다. 한편 우유의 단백질은 생활에 꼭 필요한 8가지 필수 아미노산을 골고루 갖추고 있는 질 좋은 단백질로서 소화 흡수율도 상당히 높은 편이다."
마늘,꿀,마늘의 황 성분은 꿀과 섞이면 혈액순환에 아주 좋다. 이 두 가지는 혈전을 예방하고 정맥을 강화해 혈전증과 정맥류와 같은 질환을 막는다.
생강,어류,"생강의 독특한 향미성분은 어류 특유의 냄새와 맛을 줄여 주고 어류의 소화, 흡수를 촉진시킨다."
생강,아욱,맛있다.
생강,계피,계피와 생강이 따뜻한 성질을 가지고 있어 몸에 찬 기운이 많은 분들에게는 몸에 열을 내주고 혈액순환을 좋게 하여 궁합이 좋다. 열이 많으신 분이라면 차가운 성질을 가진 음식과 함께 먹으면 생강과 계피의 효능을 챙길 수 있다.
생강,설탕,맛있다.
생강,배,찬 성질인 배와 따뜻한 성질을 지닌 생강이 어우러져 궁합도 좋다.
설탕,대추,맛있다.
설탕,인절미,맛있다.
설탕,부추,맛있다.
설탕,녹두,맛있다.
설탕,칡,맛있다.
사탕수수,생강즙,"사탕수수와 생강즙을 배합하면 복어 중독을 해독시켜주고, 구토 증상도 완화해준다."
사탕수수,생동쌀,사탕수수와 생동쌀을 배합하면 허열로 기침이 잦고 입이 마르고 눈물과 침이 많이 나올 때 좋다.
사탕수수,보리,사탕수수의 여린 싹을 보리와 배합하면 당뇨병에 도움이 된다.
사탕무,무화과,사탕무와 무화과를 배합하면 소화성궤양에 좋다. 목의 염증에 의한 통증도 완화시켜준다.
사탕무,호박,"사탕무와 호박을 배합하면 부기력하고 피로한 데에 좋다. 사탕무는 지질과 당질을 에너지로 바꾸는 데 필수적이고, 호박은 비타민 C와 가로틴 함유가 높기 때문이다."
사탕무,당근,"당근에는 풍부한 베타카로틴이 면역시스템을 활성화하고, 사탕무의 혈액정화 효과가 결합되면 월경불순이나 폐경기의 월경이상 등에도 좋다."
사탕무,오이,오이와 사탕무의 배합은 신장결석이나 담석을 녹이고 전립선과 생식선의 노폐물을 정화하며 관련 질환도 치료하는 작용을 해준다.
사탕무,사과,사과와 사탕무를 같이 먹으면 변비나 빈혈에 효과가 좋다. 즙을 내 혼합해서 마시면 심한 변비도 해소하는 능력이 있다.
소금,참기름,맛있다.
소금,수박,"소금의 짠맛이 수박의 단맛을 더욱 강화시켜주기 때문이다. 짠맛이 단맛에 비해 뇌에 전달되는 속도가 빨라서 수박에 소금을 찍어 먹으면 소금의 맛이 먼저 전해지고, 그다음에 수박의 단맛이 전해진다."
소금,팥,팥 요리에 설탕을 쓰면 사포닌 성분이 파괴되기 때문에 소금으로 간을 하는 게 좋다. 소금은 팥의 섬유질 성분을 강화해 변비 해소도 돕는다.
소금,생강,식중독에는 생강을 즙으로 만든 후 소금을 약간 타서 하루에 한 컵씩 5-6회 복용하면 효과가 있다.
식초,콩,"식초가 콩에 풍부한 단백질의 소화흡수를 도우며, 체내의 세균번식을 억제하는 작용을 한다."
식초,땅콩,"식초가 단백질의 소화흡수를 도우며, 체내의 세균번식을 억제하는 작용을 한다."
식초,우유,체내 노폐물을 배출시켜 부기를 억제하는 역할을 한다. 다이어트에 도움이 된다.
식초,계란(달걀),"(계란식초) 초란속에는 풍부한 천연칼슘이 녹아있고, 식초가  칼슘의 흡수력을 높여, 초란을 꾸준히 먹게 되면 골다공증, 동맥경화, 고혈압, 심근경색의 예방 및 치유에 많은 도움을 주게 됩니다."
식초,마늘,"마늘에는 장내 유익한 박테리아의 성장을 돕는 프리바이오틱스가 풍부해 면역력을 높여준다.식초 속 유기산은 또 다른 항산화 성분과 만나면 그 흡수율은 물론 이용률이 대폭 상승하게 되므로, 때문에 마늘을 식초 장아찌로 섭취하게 되면 식초와 마늘 속 항산화 성분의 이용률이 대폭 높아지게 된다."
식초,부추,"부추즙에 식초를 약간 넣어 함께 복용하면, 간 보호와 피로 회복에 도움이 된다. "
식초,양파,"양파에는 식이섬유가 풍부하게 들어 있어 양파를 많이 먹으면 장의 연동운동이 활발해 배변을 돕기 때문에 숙변이 빠져나가면서 혈액순환이 좋아져 신진대사가 활발해지고 지방이 쉽게 연소된다. 식초에도 지방의 대사를 촉진하는 효과가 있어, 양파와 식초를 함게 먹으면 그 효과가 한층 높아진다."
식초,감,감으로 만든 감식초는 인체의 에너지 대사에 관여하여 피로를 빠르게 회복시켜 준다
카레,생강,맛있다.
카레,부추,맛있다.
카레,김치,맛있다.
카레,생선,맛있다.
카레,육류,맛있다.
카레,파,파의 향과 질감은 눅진한 카레맛에 궁합이 좋다.
코코아,바닐라,바닐라 향이 더해진 코코아 음료는 쓴맛이 덜 나고 단맛이 더 진하게 느껴진다.
초콜릿,아몬드,"불포화지방산이 많은 아몬드는 초콜릿에 해로운 콜레스테롤의 체내축적은 줄이고, 몸에 좋은 콜레스테롤은 유지시켜줘 함께 먹으면 좋다. "
파,술,술은 몸을 따뜻하게 하고 파는 피를 맑게해 감기예방에 좋으니 둘이 함께먹으면 초기감기에 효과가 좋다.
파,된장,파와 된장을 오슬오슬한 감기 초기증상에 특효이다. 동의보감에 날파의 흰부분을 된장콩과 배합하면 열을 떨어 뜨리고 감기에 좋다고 했다. 또 신경 쇠약에는 날파를 된장에 찍어 먹으면 도움이 된다
파,생강,감기로 두통이 있을때 좋다. 파 흰부분을 뿌리채 생강과 함께 달여 든다. 가래가 끓고 목이 많이 아플때는 물과 청주를 반반씩 섞어서 끓이면 휠씬 낫다
파,참기름,급성 위통에 좋다. 묵은파 뿌리의 껍질을 벗긴뒤 찧어 참기름과 섞어 마시면 된다.
쌀,쑥,"쌀의 성분 중 부족한 것이 지방과 섬유 소, 칼슘, 철, 비타민A와 C 등이다. 이렇게 쌀에 부족한 영양성분을 보충하기 위해서 칼슘과 섬유질, 철, 비타민A,  B1,  C,  엽록소가 들어 있는 쑥을 함께 먹으면 쌀의 부족한  영양성분을  보충하며 인체의  저항능력을  높여주고  소화도 향상시킬 수 있다."
쌀,솔잎,"생솔잎에는 테르펜계통의 독특한 방향물질이 있고 엽록소 베타카로틴, 비타민B 복합체,  비타민C 등이 풍부해서 사람들의 신경을  안정시키는  생리적  기능을 하며 철분함량이  높으나,  독특한 향미로 먹기어려운 것이  흠이므로  솔잎떡을 만들어 먹음으로  칼로리의  보충과 함께 솔잎의 섭취를 원활하게 할 수 있다.                       "
콩,식초,"콩은 불포화지방과 비타민, 무기질 등은 풍부한데, 소화흡수가 잘 안 되는 결점이 있어서 날로 먹기는 어렵다. 식초는 위액의 분비를 촉진해서 단백질의 소화를 돕기 때문에, 체내에서 소화가 잘 되지 않는 콩의 결점을 보완할 수 있다."
콩국,국수,뇌의 활동을 돕고 신경을 안정시키며 피를 맑게한다. 간장에 지방이 축적되는 것을 억제한다. 
밥,무말랭이,탄수화물인 밥에 칼슘함량이 높은 무말랭이를 먹으면 영양적 균형을 잡는데 좋다.
약식,대추,"대추는 쇠약한 내장을 회복시키며 이뇨효과도 높아 찹쌀에 부족한 철분과 칼슘, 섬유소를 보충한다."
찐빵,팥소,찐빵에 부족한 당질의 소화흡수를 도울 수 있는 팥소는 서로 잘 맞는 식품이라고 할 수 있다.
호박,강낭콩,호박은 비타민A가 많은 베타카로틴이 풍부하다. 강낭콩에는 글로불린(단백질)이 많아 단백질 섭취에 좋다.
녹즙,식초,녹즙에 식초를 섞는 것은 비타민 C의 파괴를 막는 기가막힌 비법이다.
머위,들깨즙,머위의 콜레스테롤 제거효과와 큰 불포화지방산을 많이 가지고 있는 들깨즙이 어울림으로써 성인병 예방효과를 기대할 수 있다.
인삼,꿀,인삼에 부족한 열량을 꿀이 보충해준다.
곶감,호두,호두의 씁쓸한 맛을 곶감의 단맛이 보완해 주어 훌륭한 조화를 이룬다.
수정과,잣,잣속에 있는 성분이 빈혈과 변비를 예방하는 효과 있다.
모과차,유자,모과차는 향은 좋지만 맛이 약간 덤덤하므로 마실 때 얇게 저민 유자나 유자청을 곁들이면 맛이 한결 상큼해지고 비타민 C도 보충된다.
녹차,레몬,심장병 위험을 감소시키는 것으로 알려진 ‘카테킨’을 함유하고 있는 녹차에 비타민 C 또는 감귤류 주스를 더해 섭취하면 카테킨 흡수율을 높인다는 연구결과가 있다.
배,생강,찬성질인 배와 따뜻한 성질인 생각은 서로를 보완한다. 예로부터 담이 나오는 기침을 할때 배즙을 내서 생강즙과 꿀을 타먹으면 효과가 큰것으로 전해진다.
바나나,파인애플,"파인애플은 당질이 많고, 바나나가 갖고 있지 않은 신맛 성분의 구연산을 비롯해서 사과산, 주석산을 많이 갖고 있어 바나나의 없는 영양분을 보충해주는 역할을 한다."
커피,치커리,카페인 중독을 막는 방법 중 하나가 치커리를 섞어 치커리 차를 만들어 마시면 된다.
가지,식물성기름,가지는 조직이 성글어서 기름을 잘 흡수하므로 식물성 기름을 써서 요리하면 리놀레산과 비타민 E를 많이 섭취할 수 있다.
토마토,튀김,위 속에서의 소화를 촉진시키고 위의 부담을 가볍게 해준다.
사과식초,꿀,"사과식초에 꿀을 타서 먹게 되면 꿀이 위를 따뜻하게 해주고 위벽을 보호해주기 때문에 식초의 효과를 증대시키게 된다. 이로 인해 무엇보다 염증, 소화 장애 개선은 물론 근육, 관절, 목의 통증을 개선하는데 효과적이다."
가자미,무,가자미의 단백질이 분해되어 맛과 소화성이 향상된다.
젓갈,귤,상큼한 맛이 들어가므로 젓갈의 맛이 좋아지고 소금의 피해를 감소시킨다.
젓갈,유자,상큼한 맛이 들어가므로 젓갈의 맛이 좋아지고 소금의 피해를 감소시킨다.
재첩,부추,재첩에 부족한 비타민 A를 부추가 보충해준다.
추어탕,산초,추어탕의 냄새를 중화시킨다.
생선초밥,고추냉이,비린내를 없애주고 식중독을 예방해준다.
생선회,생강,"생강은 비린내를 잡는 것은 물론 항균/살균/억균, 그리고 항염 작용을 한다. 또한 단백질 분해 효소가 있어 생선회의 소화를 돕는다."
조개탕,쑥갓,간장질환과 담석증에 효과가 있고 소화력을 증진시킨다.
연어,생후추,연어 요리를 먹을때 곁들여지는 통후추는 독특한 향기가 있으므로 연어를 먹으면서 통후추를 씹으면 독특한 향기와 맛과 매운맛이 어울려 연어의 맛을 더욱 음미할 수 있다.
멸치,풋고추,멸치에는 칼슘 흡수를 방해하는 '인'이라는 성분이 있어 칼슘 흡수를 돕는 철분 성분이 있는 풋고추와 먹으면 좋다.
가쓰오부시,우동다시,가쓰오부시는 멸치와는 달리 칼칼하다기보다는 감칠맛이 강하고 미묘한 단맛과 신맛이 같이 나는 스타일의 국물을 내는데 이것이 일본의 맛과 잘 어울리기 때문에 우동국물과 자주 쓰인다.
불고기,들깻잎,"들깻잎이 불고기에 부족한 칼슘, 비타민A,C, 엽록소를 채워준다."
스테이크,파인애플,고기를 더 부드럽게 해주고 위에 부담을 덜해 소화가 더 잘된다.
간,브로콜리," 브로콜리에는 카로틴과 비타민 C, 그리고 섬유질이 풍부하다. 간에는 비타민 A와 필수 아미노산, 메치오닌도 많으므로 함께먹으면 피부와 간을 튼튼히 하는데 우수한 식품이다."
간,양파,간을 먹을때 양파를 같이 섭취하면 간의 비타민 B를 잘 흡수 할수 있도록 도와주므로 간과 양파는 궁합이 좋다.
설렁탕,깍두기,깍두기는 발효식품이기 때문에 칼슘 흡수율이 매우 높아 설렁탕 등 동물성 식품과 잘 어울린다.
보신탕,들깨,겨자가 고기의 느끼함과 냄새를 없앤다. 콜레스테롤의 피해를 줄일 수 있고 개고기의 누린내를 제거하는 효과가 있다. 그런데 들깨를 가루로 만들어 오래두면 과산화지질이 가장 잘 만들어지는 식품이 되므로 신선한 들깨가루를 먹는 것이 좋다.
닭고기,잉어,스테미나에 좋다.
닭고기,옻,"옻은 소화를 돕고 관절염, 신경통, 피부병에도 효과가 있다. 하지만, 독을 지니고 있기 때문에 함부로 섭취하기에는 무리가 있다. 이때 닭이 옻을 중화시켜 각자 내재한 유효 성분을 발휘할 수 있도록 도와준다."
선짓국,우거지,"조혈, 철분의 흡수, 변비예방에 좋다."
선짓국,콩나물,콩나물은 비타민 C가 있는데 함께 먹으면 철분의 흡수를 향상시킨다. 철분을 최대한 흡수시키면서도 변비를 예방하는 콩나물과 선지의 만남은 찰떡궁합인 셈이다.
고기,겨자,겨자가 고기의 느끼함과 냄새를 없앤다.
양고기,박하(민트),박하(민트)는 양고기 냄새 제거와 소화를 도와주는 효과를 얻기 위해 함께 쓰여 온 역사가 오래된 음식궁합이다.
고기,키위,키위에 함유된 '액티니딘'이라는 성분이 단백질을 분해하는 역할을 하여 육질이 연해진다.
육회,배,배에 들어있는 단백질 분해효소가 연육작용을 해서 소화를 돕는다.
우유,간,"간을 조리할 때 한동안 우유에 담가두면 간의 독특한 냄새가 많이 제거된다.간으로 요리할 때 우유를 첨가하는 것도 좋은 방법. 우유에 적은 비타민 B₁, B₂등이 보강되는 효과도 있다."
빵,햄,빵은 탄수화물을 햄은 단백질은 보충해준다.
빵,치즈,빵은 탄수화물을 치즈는 단백질은 보충해준다.
카레,요구르트,매운맛이 줄고 독특한 풍미가 생겨난다. 상호보완적이다.
스파게티,파르메산치즈,파르메산치즈는 고단백 고열량인 영양 에센스라고 볼 수가 있고 스파게티에 이것을 섞이면 단단한 면 가닥을 씹는 조직감도 색달라 입 안에서 오래 씹게 되는 특징이 있다고 한다.
적포도주(와인),치즈,적포도주에는 과피에서 유래되는 조금 떫은 폴리페놀과 타닌이 있기 때문에 치즈가 잘 어울리게 된다.
적포도주(와인),고기요리,고기의 느끼한 맛을 덜어주고 소화액이 더 잘 분비되고 식욕도 좋아진다.
백포도주,생선,육류에 비해 지방조직과 함량이 다른 생선류나 조개종류의 요리를 먹을 때에는 백포도주를 마시는게 좋다.백포도주는 차게 해서 마셔야 산뜻한 산미가 살아나고 그만큼 섬세하다. 
백포도주,달팽이요리,달팽이로 만든 여러 가지 요리 중에서도 가장 명성이 높은 것이 '에스카르고 아 라 부르고뉴'이다. 에스카르고 아 라 부르고뉴를 주문하면서 잊지 말아야 할 것이 부르고뉴 백포도주이다.
술,해장국,해장국은 대체로 단백질과 비타민이 많은 영양식이어서 알콜을 잘 분해시켜주는 역할을 한다.술 마시고 난 이튿날 아침에 머리가 아플 때에는 파를 넣은 국이나 죽을 먹으면 효과적이다. 날 파를 바로 국에 넣지 말고 물에 씻은 후 끓은 물에 데쳐 내서 써야한다.
더덕,술,"술 마시고 체한 데에는 약이 없는 것으로 전해오고 있는데 더덕이 술에 체한 데 가장 좋다고 한다. 더덕은 건위제일 뿐만 아니라 강장식품으로도 유명해서 폐와 비장, 신장을 튼튼하게 하는 해주는 식품으로 전래된다. "
소나무순,술,"솔잎에는 엽록소와 비타민과 무기질 등도 풍부하지만 정신을 맑게하는 특별한 효능이 있다고 한다. 그 효능을 나타내는 성분의 하나가 소나무의 독특한 향기성분인 테르펜이다. 소나무와 잣나무를 원료로 한 모든 술에는 이 향미가 나서 맛이 좋다. 또한, 이러한 소나무의 새순을 따서 만든 술을 송순주라고 한다. 술 양에 비해 솔잎이나 순의 분량이 많으면 너무 향미가 강렬해서 술맛이 역하므로 잘 조정해야 한다."
맥주,소시지,맥주 탄산의 깔끔한 맛이 소시지의 느끼함을 없애주고 소화를 도와준다.
막걸리,간,간이 가지고 있는 영양 성분의 파괴와 손실을 막으면서 간의 나쁜 냄새를 제거하는데 막걸리가 최고다. 막걸리에는 단백질을 비롯한 비타민 b등 영양 성분이 몹시 많아 간을 담궈도 영양의 손실이 전혀 없고 잡맛을 제거하는 뛰어난 힘이있다.
고량주,중국요리,고량주는 기름진 음식을 산뜻하게 먹을 수 있게 하고 소화액의 분비도 도와주므로 격이 맞다.
소주,오이,"오이가 칼륨을 보충하며, 염분과 노폐물 배출이 잘 되어 숙취에 좋으며, 몸을 맑게 해 준다."
마르가리타,소금,술과 함께 염분과 비타민을 보충하는 좋은 방법이다. 멕시코에서는 테킬라를 마시기 전에 손등에 소금을 얹은 뒤 라임이나 레몬을 씹고 소금을 햝는게 전통적이다.
홍어,막걸리,막걸리가 홍어의 암모니아의 자극의 중화시킨다.
우유,토마토,"우유의 유지방이 토마토의 흡수율을 높여 주고, 우유에 포함되어 있는 성분으로 칼슘도 보충할 수 있어 특히 좋다."
사과,삼겹살,사과는 칼륨 섭취를 도우며 칼륨 성분이 염분 배출을 돕는다.
녹차,삼겹살,녹차는 항산화 물질이 풍부해서 삼겹살 섭취로 인한 산화작용을 막아준다. 
김치,삼겹살,김치의 단백질 분해효소가 고기를 소화시키는데 도움을 준다.
미나리,삼겹살,"삼겹살의 잡내를 제거해주며, 미나리의 식이섬유와 플라보노이드가 담즙 분비를 촉진시켜 삼겹살의 포화지방을 분해해준다."
삼겹살,상추,상추는 포만감을 일으켜 삼겹살의 과잉 섭취를 막는다. 따라서 체중 조절에 도움이 된다.
깻잎,삼겹살,"깻잎에 부족한 단백질을 삼겹살이 보완해주고, 삼겹살에 부족한 칼슘, 무기질, 비타민 A, B, C를 깻잎이 보완해준다. 또한 깻잎의 비타민 C는 고기를 구울 때 생기는 발암물질 타르를 제거해준다."
마늘,삼겹살,마늘의 알리신 성분이 삼겹살의 비타민 B1 흡수를 돕는다. 
삼겹살,와인,와인의 알칼리 성분이 돼지고기 섭취로 인한 산성화되는 몸을 중화시킨다.
삼겹살,새우젓,새우젓은 돼지고기로 섭취된 단백질과 지방을 빠르게 소화시켜주는 역할을 한다.
삼겹살,파인애플,파인애플의 브로멜린이 소화작용을 도우며 돼지고기를 부드럽게 해준다. 
계란(달걀),토마토,"토마토는 계란(달걀)에 부족한 비타민 C와 식이섬유를 채워주며, 계란(달걀)은 토마토에 부족한 단백질을 채워준다."
계란(달걀),치즈,치즈가 칼슘이 부족한 계란(달걀)에 칼슘을 더해준다.
계란(달걀),북어,달걀이 북어의 단백질과 반응하여 단백질 영양 효율을 향상시킨다.
김,두부,콩 제품을 먹을 때 요오드 부족을 김이 채워준다.
시리얼,우유,"시리얼은 비타민과 철분, 아연이 풍부해 우유와 함께 먹게 되면 단백질, 칼슘 섭취량까지 높일 수 있다."
돼지고기,양파,양파는 수분이 많아 육류의 느끼한 맛을 잡는데 제격이고 체지방분해를 돕는다. 혈액순환과 변비예방효과도 있다.
삼겹살,양파,양파는 수분이 많아 육류의 느끼한 맛을 잡는데 제격이고 체지방분해를 돕는 성분이 있어 돼지고기와 잘 맞는다. 혈액순환과 변비예방효과도 있다.
올리브유(올리브오일),토마토,항산화 항암효능이 있는 라이코펜 성분이 풍부한 토마토는 지용성 올리브유와 함께 먹으면 흡수율이 5배나 높아진다.
사과,포도,혈전 방지 및 심장 건강을 지켜준다.
고구마,사과,가스가 생기기 쉬운 고구마를 사과가 막아준다.
브로콜리,토마토,전립선암을 예방하는 효과가 있다.
된장,바지락,바지락은 된장에 부족한 동물성 단백질을 바지락에서 보충해준다. 또한 된장은 바지락에 부족한 식물성 단백질을 보충시켜준다. 
바나나,우유,"바나나는 우유의 비타민D, 칼슘, 마그네슘의 흡수를 높여주는 효능이 있다."
돼지고기,쭈꾸미,돼지고기 섭취로 인한 콜레스테롤 위험을 쭈꾸미가 줄여준다.
브로콜리,소고기,소고기에 함유된 철분은 체내 흡수율이 낮기 때문에 비타민 C가 많은 브로콜리와 함께 섭취해 주면 좋다.
도라지,오리고기,면역력 증강 및 항암효과가 있다.
강황,후추,후추가 강황의 흡수를 돕는다.
연어,생크림,연어의 비타민 D가 유제품의 칼슘을 흡수한다.
새우,표고버섯,"표고버섯에는 콜레스테롤 수치를 저하시키는 작용이 있으며, 성인병 예방에 좋다."
맥주,과일,맥주의 높은 열량이 감소될 수 있다.
소주,생선찌개,맵고 짠맛이 적어 궤양을 일으키는 것을 예방해 준다.
당근,식용유,당근을 식용유로 조리하면 날로 먹는 것보다 영양이 보존된다.
쇠고기(소고기),배,"고기에 배를 섞으면 단백질 분해 작용이 일어나며 고기가 연해지고 맛이 좋아진다. 병후회복, 영양보충에 좋다."
새우,레몬,새우요리에 레몬을 곁들이면 상큼한 맛이 입맛을 돋우고 산성과 알칼리성의 조화로 균형있는 영양식이 된다.
과메기,미역,콜레스테롤을 배출해준다.
바나나,브로콜리,피부가 거칠어지는 것 방지해준다.
바나나,두유,얼굴이나 다리의 붓기 제거에 좋다.
계란(달걀),복어,달걀이 복어에 들어있는 단백질 영양 효율을 높여준다.
냉면,식초,영양 및 위생에 효과가 있다.
떡,무,소화를 돕는다.
커피,치즈,위벽과 소화기관을 보호한다.
아보카도,토마토,토마토는 아보카도의 건강한 지방 흡수를 돕는다.
바나나,김치,"바나나 먹을 때 퍽퍽함을 없앤다. 김치의 강한 맛과 향, 매운맛을 중화시키고. 염분 섭취 함량을 낮춘다. 포만감을 빨리 느껴 다이어트에 좋다."
라면,우유,우유에 풍부한 칼슘과 칼륨이 몸의 나트륨 배출을 원활하게 한다.
쌀,콩,"쌀에는 단백질로 필수아미노산, 라이신이 적고  유황 함유 아미노산인 메치오닌이 많은 편인데  비해  콩에는  단백질과 라이신이 많으나  메치오닌이  적다. 그러므로  쌀과 콩 제품을 합치면 단백질의 영양효과가  상승한다.  또 콩은 상대적으로 쌀에  적게  들어  있는  비타민B1을 많이 가지고 있다."
라면,녹색채소,라면에 채소를 곁들이게 되면 여러 가지 영양성분의 보완도 되지만 소금의 나트륨 작용을 상쇄시키는 칼륨을 많이 가지고 있어 이 길항작용의 중요성을 쉽게 알 수 있다.
파,육류,파는 육류를 조리하거나 먹을 때 곁들이면 고기의 좋지 못한 냄새를 중화시키고 위액분비를  촉진시켜 육류소화를 도와주는 작용을 한다.                                   
토마토,소금,"토마토를 소금과 함께 먹으면 토마토의 단맛이 더 강해지면서 비타민C가 산화되는 것을 막아주고, 세포의 에너지 활동이 활발해지게 도와준다."
