"ID","FOOD_A","FOOD_B","DESCRIPTION","SEARCH_CNT"
1,"가지","식물성기름","열량 공급을 쉽게 하고 기름의 소화흡수율을 향상시킨다.",2
2,"가지","식물성기름","열량 공급을 쉽게 하고 기름의 소화흡수율을 향상시킨다.",0
3,"가지","조개","중풍 예방에 효과가 있다.",194
4,"감자","버터","비타민C의 흡수를 도와 준다.",0
5,"감자","치즈","치즈는 감자에 부족한 단백질과 지방을 보충해준다.",0
6,"감자","돼지고기","허리와 무릎이 새큰거리고 힘이 없을 때 좋다",0
7,"고구마","귤","고구마를 비타민이 풍부한 귤을 함께 먹으면 감기 예방에 효과가 있다.",1
8,"고구마","마","기력을 살리고 비위를 튼튼하게 한다.",0
9,"냉이","질경이","부종 치료에 도움이 된다.",0
10,"냉이","결명자","눈의 질환에 도움이 된다.",0
11,"달래","꿀","면역력을 키워준다.",0
12,"달래","식초","불면증을 개선한다.",0
13,"달래","다시마","피부미용에 좋다.",0
14,"당근","기름","소화 흡수를 도와준다.",0
15,"당근","레몬","비타민 C의 섭취를 돕는다.",0
16,"당근","된장","잡티 잔주름 보습을 돕는다.",0
17,"더덕","고추장","더덕의 찬 성질을 중화해준다. ",0
18,"더덕","돼지고기","모유가 잘 나오게 한다.",0
19,"더덕","맥문동","허리와 다리에 힘이 빠질 때 좋다.",0
20,"도라지","감초","편도선염에 효과가 있다.",0
21,"도라지","칡","술독을 풀어 준다.",0
22,"도라지","치자","불면증을 해소한다.",0
23,"도라지","귤껍질","더위를 먹었을 때 좋다.",0
24,"두릅","감초","위궤양을 다스린다.",0
25,"두릅","초장","비타민 성분을 지켜준다. ",0
26,"두릅","쇠고기(소고기)","입맛을 돋워준다.",0
27,"무","찹쌀","몸이 찬 체질의 소화를 돕는다.",0
28,"무","메밀","해독작용을 한다.",0
29,"무","무화과","목의 염증을 완화한다.",0
30,"무","두부","몸이 찬 체질로 설사를 할 때 좋다.",0
31,"무","식초","냉방병으로 가래가 끓을 때 좋다.",0
32,"무","생강","냉방병으로 가래가 끓을 때 좋다.",0
33,"무","소금","가래에 피가 섞여 나올 때 좋다.",0
34,"무","꿀","호흡기질환에 좋다.",0
35,"무","감","중풍을 예방한다.",0
36,"순무","연근","연근의 펙틴 성분이 영양 흡수율을 높이고 위 건강에 도움이 된다.",0
37,"순무","단호박","단호박은 순무의 쓴맛을 완화해 주며 순무에 풍부한 각종 영양 성분의 소화흡수율을 높여주는 효과가 있다.",0
38,"미나리","생선","생선중독을 일으켰을 때 해독작용을 한다. ",0
39,"미나리","복어","복어의 독성분을 해독한다.",0
40,"미나리","쑥갓","초기 고혈압에 효과가 있다.",0
41,"미나리","차조기","무 월경증에 효과가 있다.",0
42,"미나리","겨자","산뜻한 맛과 향기가 살아난다.",0
43,"배추","김치","찬성질이 중화된다.",0
44,"배추","된장","가래를 없애준다.",0
45,"배추","식초"," 배추의 채독을 완화한다.",0
46,"배추","부추","육류나 회를 먹을 때 맛이 좋아진다.",0
47,"배추","갓","육류나 회를 먹을 때 맛이 좋아진다.",0
48,"배추","우유","위장점막을 보호한다.",0
49,"배추","무","체내독소를 배출한다.",0
50,"부추","식초","간보호 및 피로에 좋다.",0
51,"부추","후추","만성설사에 좋다.",0
52,"부추","우유","입덧을 가라 앉힌다.",0
53,"부추","사과","사과의 단맛과 신맛이 부추 특유의 풋내와 쓴맛을 중화시켜준다. 피를 맑게 해 주는 정혈 작용",0
54,"부추","토마토","피를 맑게 해 주는 정혈 작용을 한다.",0
55,"부추","다시마","강정 및 정장효과가 있다.",0
56,"부추","된장","강정 및 정장효과가 있다.",0
57,"부추","생강","구역질을 가라 앉힌다.",0
58,"부추","돼지고기","양성 음성의 조화를 이룬다",0
59,"부추","참깨","전립선염이나 통풍예방에 좋다.",0
60,"브로콜리","치즈","비타민A의 효력이 상승한다.",0
61,"브로콜리","양파","바이러스에 대한 저항력을 높인다.",0
62,"브로콜리","오렌지","비타민C가 강화되어 질병에 대한 저항력이 높아진다.",0
63,"브로콜리","양파","철분 흡수율을 높인다.",0
64,"브로콜리","호두","암내 제거에 좋다.",0
65,"브로콜리","기름","노화방지에 효과가 있다.",0
66,"브로콜리","아몬드","성인병 예방에 효과가 있다.",0
67,"브로콜리","귤","귤의 비타민 C가 브로콜리의 철분 흡수를 돕는다.",0
68,"상추","쑥갓","불면증에 도움이 된다.",0
69,"상추","생강","상추를 먹고 체했거나 중독되었을 때 생강즙을 마시면 독이 풀린다.",0
70,"상추","족발","모유가 풍부해 진다.",0
71,"상추","오이","소변이 잘 나온다.",0
72,"양상추","팥","이뇨효과가 상승해 방광염이나 혈뇨에 좋다.",0
73,"양상추","무","열을 떨어뜨리고 열에 의한 구취를 없애준다.",0
74,"양상추","파슬리","빈혈에 효과가 있다.",0
75,"양상추","셀러리","불안증과 불면증에 도움이 된다.",0
76,"양상추","닭간","혈액순환이 잘 안되거나 빌혈때문에 손발이 차가울때 좋다.",0
77,"셀러리","꿀","수면을 촉진하는 효능이 상승하고 고혈압에 효과가 있다.",0
78,"셀러리","후추","화촉진 작용이 상승하고 후추가 셀러리의 찬 성질을 누그러뜨려 준다.",0
79,"셀러리","사과","사과의 식물성 섬유와 셀러리의 식물성 섬유가 만나면 혈압을 낮추는 효과가 상승한다.",0
80,"셀러리","대추","콜레스테롤 강하에 좋다.",0
81,"셀러리","당근","신진대사를 촉진하며 소화촉진 작용을 하면서 피부 문제를 예방한다. 변비에도 좋다.",0
82,"셀러리","다시마","체내 독소배출이 잘 된다. 얼굴 홍조와 부종에도 효과가 있다.",0
83,"셀러리","콩","피가 맑아지고 혈압이 떨어지며 갱년기로 얼굴이 달아오르는 것이 해소된다.",0
84,"셀러리","메밀","체내에 쌓인 열을 내리고 해독 작용 및 혈압을 낮춰주는 효과가 있다.",0
85,"시금치","조개","빈혈에 좋다.",0
86,"시금치","붉은살생선","빈혈에 좋다.",0
87,"시금치","계란(달걀)","당뇨병으로 갈증에 좋다.",0
88,"시금치","참깨","결석을 예방한다.",0
89,"시금치","당근","비타민 A가 풍부해 시금치의 조혈작용을 더 활발하게 해준다.",0
90,"시금치","우유","독소 배출에 좋다.",0
91,"시금치","두유","철분 흡수가 상승하는 동시에 시금치의 풋내를 가시게 한다.",0
92,"시금치","바나나","얼굴이나 다리의 붓기 제거에 좋다.",0
93,"시금치","감귤","빈혈에 좋다.",0
94,"시금치","사과","변비 해소에 좋다.",0
95,"쑥","당귀","습관성 월경불순에 좋다.",0
96,"쑥","계란(달걀)","대하증에 좋다.",0
97,"쑥","생강","산후 하혈이나 설사에 좋다.",0
98,"쑥","결명자","쑥의 독특한 향기는 살리면서 치네올이라는 성분 때문에 쓴맛이 강한 것을 줄일 수 있다.",0
99,"쑥","검은콩","월경불순에 의한 불임증에 효과가 있다.",0
100,"쑥","연근","코피가 잦을 때 좋다. 토혈 각혈 혈뇨 혈변 자궁출혈 등에도 효과가 있다.",0
101,"쑥","국화","편두통에 좋다.",0
102,"쑥","율무","신경통 류머티즘에 좋고 붓기가 있고 근육이 뭉치는 신경통에 더 효과가 있다.",0
103,"쑥","석류","입냄새를 없애준다.",0
104,"쑥갓","셀러리","고혈압에 좋다.",0
105,"쑥갓","솔잎","심장병에 도움이 된다. 쑥갓의 쓴맛은 심장을 강화하고 솔잎도 혈관 벽을 강화한다.",0
106,"쑥갓","아스파라거스","동맥경화에 좋다. 피로해소에 좋고 이뇨작용이 있어 신장에도 좋다.",0
107,"쑥갓","참기름","변통이 원활해 진다.",0
108,"쑥갓","두부","성인병 예방에 좋다.",0
109,"쑥갓","조기","비타민류와 양질의 단백질이 풍부한 음식이 된다.",0
110,"쑥갓","굴","혈관 강화 및 혈압강하에 좋다.",0
111,"양배추","자몽","항암 효과가 있다.",0
112,"양배추","당근","피부 미용에 좋다. 혈액 순환에 좋다.",0
113,"양배추","식초","양배추 향을 없애준다.",0
114,"양배추","파인애플","장 정화작용이 더 활발해진다.",0
115,"양배추","우유","암 예방에 좋다.",0
116,"양배추","사과","변비에 좋다.",0
117,"양배추","오징어","다이어트 효과가 있다.",0
118,"양파","식초","불면증에 좋다.",0
119,"양파","수삼","치매 예방에 좋다.",0
120,"양파","오미자","피로해소에 효과적이다.",0
121,"양파","육류","양파는 수분이 많아 육류의 느끼한 맛을 잡는데 제격이고 체지방분해를 돕는 성분이 있다.",0
122,"양파","당근","변비에 좋다.",0
123,"양파","호박","변비에 좋다.",0
124,"양파","콩","당뇨병에 좋다.",0
125,"양파","사과","콜레스테롤 강하에 좋다.",0
126,"양파","꿀","피로해소와 자양강장제로 효과가 있다.",0
127,"연근","생강","감기에 잘 걸리고 기침이나 가래가 끊이지 않는 등 호흡기가 약한 경우에 효과적이다.",1
128,"연근","소금","지혈작용을 한다.",0
129,"연근","생지황","상열하한의 증세를 다스리는데 좋은 보양음식이다.",0
130,"연근","아보카도","변비를 해소할 수 있다.",0
131,"연근","요구르트","코피가 자주 날 때좋다.",0
132,"연근","인삼","빈혈에 좋다.",0
133,"오이","소금","오이는 음성 식품이므로 냉한 체질이나 저혈압 또는 빈혈에는 안 좋은데 소금을 약간 배합하면 몸의 균형이 깨지지 않도록 막아 준다. ",0
134,"오이","식초","오이를 자르면 비타민 C 분해효소가 생기기 때문에 오이를 다른 과일이나 채소와 함께 먹을 때는 소금이나 식초를 약간 섞어 효소의 작용을 억제해주는 게 좋다.",0
135,"오이","밀가루","통증과 부기를 가라앉힌다.",0
136,"오이","둥글레","소변이 원활해진다.",0
137,"오이","꿀","오이에 꿀을 발라 먹으면 열이 내리고 소변이 원활해지는 효과가 있다. ",0
138,"오이","우유","오이 껍질을 썰어 우유에 하루 담갔다가 여드름 부위를 씻어 주면 좋다. 땀띠나 벌레 물렸을 때도 활용할 수 있다. 사마귀에는 사마귀 윗부분을 긁어내고 그 자리에 오이 꼭지로 자주 문질러주면 완화되는 효과가 있다.",0
139,"오이","사과","오이와 사과를 함께 먹으면 혈압강하에 좋다. 오이의 칼륨이 체내의 염분과 노폐물을 배출하여 몸을 정화해주고 사과의 칼륨도 혈압을 떨어뜨린다. 저열량의 오이와 사과를 함께 먹으면 비만 해소에도 효과가 있다. 또 사과는 오이의 유효성분이 산화하는 것을 막아준다. ",0
140,"오이","술","술독을 풀어준다.",0
141,"우엉","쌀뜨물","우엉을 삶을 때 쌀뜨물을 활용하면 전분 성분이 채소 표면의 산화를 방지해 갈변현상을 막아주고 식감이 부드러워지며 아린 맛이 제거된다.",0
142,"우엉","도라지","편도선염이나 인후가 부었을 때, 통증이 있을 때 좋다.",0
143,"우엉","다시마","입안에 염증이 생기거나 잇몸이 부어서 염증이 생겼을 때는 우엉과 다시마를 함께 넣어서 달인 물로 양치를 하고나 우엉과 소금을 넣고 달인 물로 양치를 하면 염증에 좋다.",0
144,"우엉","꿀","소변불리에 좋은 효과가 있다.",0
145,"우엉","율무","소변불리에 좋은 효과가 있다.",0
146,"우엉","육류","우엉은 고기를 먹고서 중독 현상을 보일 때 해독해 준다.",0
147,"우엉","더덕","우엉에는 이눌린이 많아서 장에서 칼슘이 흡수되는 것을 돕는다.",0
148,"우엉","연근","우엉에는 이눌린이 많아서 장에서 칼슘이 흡수되는 것을 돕는다.",0
150,"죽순","호두","불면증을 해소한다.",0
151,"죽순","쌀뜨물","쌀뜨물이 죽순의 결석을 유발하는 수산 성분을 제거되며 떫은맛이 사라지고 다른 유익한 영양소의 파괴를 막을 수 있다. ",0
152,"죽순","해삼","유산을 방지한다.",0
153,"죽순","메추리(메추라기)","어느 체질에게나 좋은 강장제가 될 수 있다.",0
154,"죽순","고추","죽순의 감칠맛이 살아난다.",0
155,"죽순","꿀","변비해소에 좋다.",0
156,"토란","다시마","다시마는 토란의 유해성분과 떫은 맛을 없애주고 체내에 신진대사를 촉진시키는 역할을 한다.",0
157,"토란","밀가루","신경통, 타박상 등 통증을 가라앉힌다.",0
158,"토란","소철","정력증강에 효과가 있다.",0
159,"토란","붕어","빈혈에 좋다.",0
160,"표고버섯","청주","혈액순환이 좋아진다.",0
161,"표고버섯","박","표고의 중독을 막을 수 있다.",0
162,"표고버섯","꿀","면역력을 강화한다.",0
163,"표고버섯","얼음설탕","심한 기침에 좋다.",0
164,"표고버섯","녹두","해독작용을 한다.",0
165,"표고버섯","참치","골다공증에 좋다.",2
166,"표고버섯","고등어","골다공증에 좋다.",0
167,"표고버섯","꽁치","골다공증에 좋다 .",0
168,"호박","계란(달걀)","호박이 계란(달걀)의 단백질을 체내에 흡수할 수 있도록 도와준다. 신경이 안정된다.",0
169,"호박","미꾸라지","부종에 좋다.",0
170,"호박","돼지고기","단백질과 비타민A의 섭취가 좋아진다.",0
171,"호박","머위","간장을 보호한다.",0
172,"호박","잉어","산후회복에 좋다.",0
173,"호박","꿀","베타카로틴의 흡수가 좋아진다.",0
174,"호박","기름","베타카로틴의 흡수가 좋아진다.",0
175,"가자미","좁쌀","맛이 좋다.",0
176,"가자미","기름","각질화 현상을 막아준다.",0
177,"갈치","목이버섯","혈액을 맑게 하고 피부트러블을 막아준다.",0
178,"게","식초","어혈을 풀고 피로를 풀어준다.",0
179,"게","술","어혈을 풀고 피로를 풀어준다.",0
180,"게","오미자","게를 삶아도 변하지 않는다.",0
181,"게","차조기","게를 먹고 체 했을 때 풀어 준다.",0
182,"고등어","식초","비린내를 없앤다.",0
183,"고등어","무","영양을 보충하고 소화가 잘 된다.",0
184,"고등어","소금","혈중 콜레스테롤 수치를 떨어뜨리고 중성 지방을 감소시시는 효과가 있다.",0
185,"고등어","된장","비린내를 없애준다.",0
186,"고등어","차조기","고등어 알레르기가 있을 때 해독 작용을 한다.",0
187,"굴","레몬","살균 효과가 있고 굴의 철분 흡수율이 높아진다.",0
188,"굴","식초","정력제 효과가 상승한다.",0
189,"굴","통밀","소화기가 약해 입이 짧고 트림을 할 때 굴 껍데기를 씻어 말린 후 가루를 내어 통밀 끓인 물로 마시게 하면 효과가 있다.",0
190,"김","기름소금","베타카로틴의 흡수를 촉진 시켜준다.",0
191,"김","파래","소화기를 강화한다.",0
192,"김","식초","장속의 유해독성을 풀어 준다.",0
193,"꽁치","귤","꽁치 특유의 비린내를 줄일 수 있다.",0
194,"꽁치","열무","골다공증에 좋다.",0
195,"꽁치","청주","비린내를 잡아주는 효과가 있다.",0
196,"꽁치","무","꽁치의 비린내를 없애준다.",0
197,"도미","산수유","신장의 기능을 활성화해 정력을 강화해 준다.",0
198,"꽁치","파슬리","비린내를 없애주고 꽁치에 부족한 영양을 보완해준다.",0
199,"꽁치","레몬","비린내를 없애주고 꽁치에 부족한 영양을 보완해준다.",20
200,"꽁치","흑임자","칼슘섭취 효과가 배가 된다.",0
201,"낙지","콩나물","맛을 살리는 상승효과가 있다.",0
202,"낙지","생강","기운을 북돋우는 작용과 보혈작용이 상승한다.",0
203,"낙지","식초","기운을 북돋우는 작용과 보혈작용이 상승한다.",0
204,"낙지","생굴","낙지는 성질이 차기 때문에 맵게 요리해서 먹으면 성질이 중화되어 좋다. 생굴도 낙지와 같이 양성 체질에 맞는 식품 중 하나이다.",0
205,"낙지","무","산성식품과 알카리성식품이 중화된다.",0
206,"넙치","해조류","해조류가 넙치에 부족한 비타민 B를 보완할 수 있으며 식욕감퇴나 피로감 나른함 부종이 있는 사람에게도 효과가 좋다.",0
207,"넙치","아욱","아욱이 넙치에 부족한 성분을 보완해줄 수도 있으며 비린내를 없애는 작용도 한다.",0
208,"다시마","마늘","다시마는 마늘을 먹은 후 나는 냄새를 없애주는 역할을 한다.",0
209,"다시마","찹쌀","다시마와 찹쌀을 같은 양씩 가루 내어 알을 만든 후 적당량 복용하면 비만과 고질적인 변비 해소에도 효과적이다.",0
210,"다시마","토란","다시마가 토란의 유해성분과 떫은맛을 제거해주고 부드럽게 만들어준다.",0
211,"다시마","검은콩","다시마는 동맥경화를 예방하는 효과가 있는데 이러한 다시마에 콜레스테롤 혈전 개선에 효과가 있는 검은콩을 함께 먹으면 고혈압 당뇨병 비만 등을 예방할 수 있다.",0
212,"달팽이","버터","맛이 어우러진다.",0
213,"달팽이","소금","소금물로 달팽이를 세척하면 좋다.",0
214,"달팽이","백포도주","달팽이요리를 소화시키는 데 효과가 있다.",0
215,"대구포","들기름","맛이 좋아지고 대구에 들어 있는 영양 성분을 더 효과적으로 흡수시킬 수 있다.",0
216,"대구","마늘","비린내를 없애준다.",0
217,"대구","생강","비린내를 없애준다.",0
218,"대구","쌀","노약자나 허약자의 보양식으로도 뛰어나다.",0
219,"대구","석류껍질","구충제로도 효과가 있다.",0
220,"메기","참깨","맛이 좋고 어류의 중독을 방지해준다.",0
221,"메기","머위","머위에는 해독작용이 있어 생선을 요리할 때 함께 넣으면 식중독을 미리 막을 수 있다.",0
222,"멸치","된장","일명 화병으로 열기가 달아오르거나 입에서 단내가 나는 등 가슴에서 열불이 나고 손발이 화끈거리는 증상들을 가라앉힐 수 있다.",0
223,"멸치","피망","칼슘이 풍부해 어린이나 임산부에게 좋다. 피망의 비타민 P는 비타민 C의 파괴를 막아주며 비타민 D는 칼슘 흡수를 촉진해 주는 역할을 합니다. ",0
224,"멸치","쌀","멸칫국물에 불린 쌀과 함께 넣어 죽을 쒀 먹으면 습관 유산을 막을 만큼 효과가 크며 임신 중 정서불안 해소에도 효과가 있다.",0
225,"멸치","우유","칼슘보급원에 좋다.",0
226,"멸치","미역","산후 어혈을 풀어주고 산후 뼈마디가 쑤시는 데 좋으며 모유 분비도 잘 되게 해준다.",0
227,"멸치","식초","멸치의 비린내를 없애 준다.",0
228,"멸치","잣","빈혈과 고혈압 호흡기에도 좋은 식품이자 임산부와 태아를 편안하게 한다.",0
229,"북어","밀가루","양념 맛이 겉돌지 않는다.",0
230,"북어","쌀뜨물","쌀뜨물의 콜로이드상 물질이 떫은맛을 흡착하며 북어의 맛있는 성분이 흘러나오는 것을 막아 준다.",0
231,"북어","콩나물","숙취 해소에 좋다.",0
232,"명란","새우젓","맛 상승 효과가 있다.",0
233,"문어","생강","보혈작용이 향상된다.",0
234,"문어","식초","보혈작용이 향상된다.",0
235,"문어","무","육질이 부드러워지면서 소화도 잘되는 효과가 있다.",0
236,"미꾸라지","우엉","함께 먹으면 강장 효과가 상승한다.",0
237,"미꾸라지","산초","미꾸라지의 비린내를 제거한다. 눈이 피로하고 눈꺼풀이 떨리는 증세가 있을 때 효과가 있다.",0
238,"미꾸라지","양파","미꾸라지와 양파와 함께 먹으면 부신피질 호르몬이 활성화하기 때문에 좋은 강장 요리가 된다.",0
239,"미꾸라지","구기자","혈관 벽도 튼튼하게 해주며 혈액순환도 원활하게 해주는 효능이 있다.",0
240,"미꾸라지","연잎","성신경쇠약증에 좋다.",0
241,"미꾸라지","설탕","정력에 좋다.",0
242,"미역","버섯","미역은 버섯 중독을 해독시킨다.",0
243,"미역","육류","산도를 중화해 소화 흡수가 잘 된다.",0
244,"미역","오이","열을 떨어 뜨리는 효과가 있다.",0
245,"미역","콩","콩 제품을 먹으면 요오드가 배출되며 요오드 부족을 미역이 채워준다.",0
246,"미역","두부","콩 제품을 먹으면 요오드가 배출되며 요오드 부족을 미역이 채워준다.",0
247,"미역","참기름","미역 요리를 할 때 참기름을 사용하면 미역에 들어있는 요오드 및 각종 영양 성분의 흡수율이 훨씬 높아지게 된다.",0
248,"미역","식초","식초가 미역에 함유된 칼슘의 체내 흡수를 촉진하여 더위와 갈증을 풀어주고 스트레스를 완화해주는 역할을 한다.",0
249,"민어","쑥","여성의 냉증 월경불순 불임증에 좋다.",0
250,"병어","귤껍질","비위허약으로 소화가 안 될 때 효과가 있다.",0
251,"병어","당귀","근육과 뼈가 아프고 사지가 마비된 데 효능이 있다.",0
252,"붕어","차조","속이 냉해서 생긴 설사 치료에 좋다.",0
253,"붕어","파","속이 냉해서 생긴 설사 치료에 좋다.",0
254,"붕어","당귀","산후 부종에 좋고 특히 체력 보강과 빈혈 치료에 도움이 된다.",0
255,"붕어","구기자","산후 부종에 좋고 특히 체력 보강과 빈혈 치료에 도움이 된다.",0
256,"붕어","머위","붕어의 비위기능 보강작용이 상승한다. 머위가 또한 식중독을 예방한다",0
257,"붕어","팥","각종 부종이 빨리 가라앉는다.",0
258,"붕어","찻잎","당뇨병에 좋다.",0
259,"붕어","무","기침과 가래 피 섞인 가래가 나오는 증상 개선에도 효과가 있다.",0
260,"새우","생강","새우의 알레르기 반응을 예방하는 효과가 있다.",0
261,"새우","무","새우의 알레르기 반응을 예방하는 효과가 있",0
262,"새우","아욱","아욱이 새우에 부족한 비타민 A와 비타민 C를 채워주며 새우가 아욱에 부족한 필수 아미노산을 채워준다.",0
263,"새우","파","중풍을 예방한다. 순환이 잘 되지 못하고 뭉친 피의 응어리를 풀어준다.",0
264,"새우","닭고기","새우가 닭고기의 소화를 돕는다.",0
265,"새우","치자","새우 껍질과 치자열매 말린 것을 함께 가루 낸 것은 위궤양 치료제로 유명하다.",0
266,"숭어","매실","위액분비를 촉진하고 식욕 증진에도 도움이 됩니다. 또한 매실이 숭어의 효능도 높여준다.",0
267,"숭어","파슬리","파슬리는 생선 독을 해독시켜주고 파슬리 향이 위장에 적당한 자극을 주어 소화를 도와주고 식욕을 돋워주므로 숭어의 효능을 더해주는 역할을 한다.",0
268,"숭어","머위","숭어와 머위를 함께 먹으면 식중독을 미리 막을 수 있고 입맛을 돋우고 위액이 잘 분비되도록 돕기 때문에 소화기 기능을 좋게 해주는 숭어의 효능을 더해준다.",0
269,"연어","버터","위장이 따뜻해 지고 냉증을 없앨 수 있다.",0
270,"오징어","피망","피망의 비타민을 보충할 수 있으며 오징어의 혈액 보충작용을 피망의 풍부한 철분이 강화해준다.",0
271,"오징어","땅콩","혈중 콜레스테롤 수치를 저하시켜준다.",0
272,"오징어","셀러리","셀러리의 비타민을 보충할 수 있으며 오징어의 혈액 보충작용을 셀러리의 풍부한 철분이 강화해준다.",0
273,"오징어","양배추","다이어트에 효과가 있다. 양배추의 비타민 C가 오징어의 비타민 E 섭취를 좋게 하고 오징어로 위산이 과다해지는 것을 양배추의 비타민 U가 억제해준다.",0
274,"오징어","파슬리","오징어가 혈액을 보충하여 빈혈에 좋으며 파슬리도 철분이 풍부해 빈혈에 효과적이다. 오징어의 산성을 파슬리의 알칼리가 중화해준다.",0
275,"오징어","냉이","정력 증강에 좋다. 간에도 좋으며 혈압안정에도 도움을 준다.",0
276,"오징어","마늘","생리불순 생리통을 개선한다.",0
277,"오징어","마요네즈","소화가 잘된다.",0
278,"잉어","팥","아미노산 상승효과가 생기며 콜레스테롤 저하 효과가 있다.",0
279,"잉어","닭","아미노산 상승효과가 생기며 콜레스테롤 저하 효과가 있다.",0
280,"잉어","인삼","기력 상승에 좋다.",0
281,"잉어","유자","복부 수술 후 기력회복에 좋다.",0
282,"잉어","된장","잉어 머리에 된장을 넣어서 졸여 먹으면 신경을 정상으로 안정시켜준다. 스트레스 해소에 효과가 있다.",0
283,"장어","부추","신장을 보호하고 허약체질을 튼튼하게 만들어 준다.",0
284,"장어","생강","생강의 독특한 향미성분은 장어 특유의 냄새와 맛을 줄여 주고 장어의 소화 흡수를 촉진시킨다.",0
285,"장어","두충","풍습마비에 좋다.",0
286,"장어","마","만성허약증에 좋다.",0
287,"장어","맥문동","만성허약증에 좋다.",0
288,"전복","쇠고기(소고기)","자양강장 효능이 있다. 식욕을 돋워준다.",0
289,"전복","새우","새우와 전복을 함께 먹으면 간의 기능이 좋아지고 신장을 강화해 양기를 왕성하게 하는 효과가 있다.",0
290,"전복","우유","우유가 전복을 부드럽게 하고 전복에 부족한 필수 아미노산을 보완한다.",0
291,"전복","잣","스태미나가 증진된다.",0
292,"전복","냉이","눈이 맑아진다.",0
293,"전복","참깨","혈중 콜레스테롤을 떨어뜨리며 동맥경화 예방에 도움을 준다.",0
294,"전복","마늘","비타민 흡수력이 증가하며 신진대사가 원활해지고 특히 호흡기질환에 효과적이다. 가래에 좋다.",0
295,"전복","치자","소위 화병으로 눈이 충혈되고 아프며 뻑뻑한데 도움이 된다.",0
296,"청어","부추","심장이 약한 중년층에 좋다.",0
297,"청어","마늘","뇌의 노화를 예방한다. 항암효과가 있다.",0
298,"해삼","인삼","소화력이 좋아지고 장도 윤택해지면서 정력도 증진하게 된다.",0
299,"해삼","닭","노인병 예방을 한다. 소화 흡수가 잘 된다.",0
300,"해삼","죽순","입덧을 가라앉힌다.",0
301,"해파리","토란","비만형 고혈압 환자에게 효과적이다.",0
302,"해파리","무","비만형 고혈압 환자에게 좋다.",0
303,"해파리","돼지콩팥","비만형 요통 환자에게 좋다.",0
304,"해파리","두충","비만형 요통 환자에게 좋다.",0
305,"해파리","설탕","가래를 삭이는 효과가 있다. 위장보호에 좋다.",0
306,"해파리","참기름","입맛이 살아나고 만성 소화불량에도 효능이 있다.",0
307,"해파리","어류","생선에 중독되었을 때 해파리를 삶은 물을 마시면 효과가 있다.",0
308,"홍합","바지락","둘의 조혈 성분이 상승작용을 하면서 재생불량성 빈혈에 좋다.",0
309,"홍합","무청","빈혈치료에 좋다.",0
310,"홍합","육류","어린이 발육에 도움이 되므로 허약하고 성장이 더디며 빈혈이 있는 어린이에게 좋다.",0
311,"간","레몬","간 특유의 냄새를 없애준다.",0
312,"간","우유","영양의 손실이 없는데다 나쁜냄새와 맛의 제거효과가 크다.",0
313,"간","청주","영양 성분을 보충한다.",0
314,"간","매실","영양 성분을 보충한다.",0
315,"간","식초","허약 체질 또는 만성 설사에 좋다.",0
316,"닭고기","인삼","스테미나를 상승시켜준다.더위로 인해 스트레스를 받으면 몸 안에서 단백질 소모가 많아지는데 양질의 단백질이 있는 닭고기가 이를 보충해주고 인삼이 기운을 내주어 여름철 더위 나기에 딱이다.",0
317,"삼계탕","황기","다한증을 개선한다.",0
318,"삼계탕","당귀","조루증, 발기부전에 좋다.",0
319,"삼계탕","동충하초","피로회복에 좋다.",0
320,"삼계탕","밤","어지름증, 손발저림에 좋다.",0
321,"삼계탕","은행","어지름증, 손발저림에 좋다.",0
322,"삼계탕","해삼","기력회복에 좋다.",0
323,"계란(달걀)","피망","계란(달걀)에 부족한 비타민 C를 피망이 채워준다.",0
324,"계란(달걀)","시금치","달걀이 헤모글로빈 합성에 필요한 단백질을 보충해준다.",0
325,"계란(달걀)","식초","기미나 검버섯 등을 없애주는 효과가 있다.",0
326,"계란(달걀)","청주","과로에 의한 감기 치료에 효과적이다.",0
327,"계란(달걀)","구기자","눈의 충혈이나 피로 완화 효과가 크게 상승한다.",0
328,"돼지고기","배추","소양인에게 좋다.",0
329,"돼지고기","생굴","소양인에게 좋다.",0
330,"돼지고기","녹두","부족한 필수아미노산을 보완해준다.",0
331,"돼지고기","호박","단백질과 비타민 A의 섭취가 좋아진다.",0
332,"돼지고기","새우젓","새우가 돼지고기의 단백질 소화력을 올려준다",0
333,"돼지고기","칡","신경통에 효험이 있다.",0
334,"돼지고기","참외","참외 먹고 체했을 때 돼지고기 태운 가루가 좋다.",0
335,"돼지고기","표고버섯","버섯의 섬유질이 고기의 콜레스테롤 체내흡수를 막아주고 고기 누린내도 없앤다.",0
336,"돼지염통","인삼","인삼 특유의 성분이 돼지고기의 누린내를 없애준다. 또한 인삼은 콜레스테롤을 낮추고 식이섬유가 있고 미네랄이 풍부해 돼지고기의 부족한 부분을 보완해주기 때문에 인삼과 돼지고기의 만남은 옳다.",0
337,"돼지염통","당귀","심계항진 등을 치료한다.",0
338,"쇠고기(소고기)","팽이버섯","체액의 균형을 조절해주고 체내 독소를 배출해주고 피부에 윤기를 준다.",0
339,"쇠고기(소고기)","들깻잎","고기를 많이 먹었을 때 생기기 쉬운 변비를 예방해준다.",0
340,"쇠고기(소고기)","배","파인애플에는 브로멜린 성분이 함유되어 있어서 강력한 연육 효과를 발휘한다.",0
341,"쇠고기(소고기)","무","소고기가 매우 부드러워지는 효과가 있다.",0
342,"쇠고기(소고기)","파인애플","파인애플이 고기를 연하게 해 주고 소화를 촉진시킨다. 피로회복에 좋다.",0
343,"쇠고기(소고기)","키위","키위에 함유된 액티니딘이라는 성분이 단백질을 분해하는 역할을 하여 육질이 연해진다.",0
344,"쇠고기(소고기)","참기름","참기름이 콜레스테롤이 혈관에 참착하는 것을 예방해 준다.",0
345,"쇠고기(소고기)","황기","기운을 돋아준다.",0
346,"우유","마늘","냉기를 없애준다.",0
347,"우유","생강","어린이가 토하고 쇠약해지는 것을 다스려준다.",0
348,"우유","부추","영양이 부족하거나 위가 약해졌을 때 먹으면 도움이된다. 입덧에 좋다.",0
349,"우유","콩","칼슘의 흡수율이 더욱 높아진다.",0
350,"우유","옥수수","우유는 옥수수에 부족한 라이신과 트립토판의 공급식품으로 옥수수의 결점을 보완해준다.",0
351,"우유","파인애플","골다공증과 신경안정, 피로해소에 효과적이다.",0
352,"우유","파파야","골다공증, 신경안정, 피로회복에 좋다.",0
353,"우유","식초","변비에 좋다. 빈혈에 좋다.",0
354,"우유","레몬","수술 후 기력 회복에 좋다.",0
355,"우유","잣","잣은 인이 많고 칼슘은 적기 때문에 우유와 같이 먹으면 부족한 칼슘 성분을 보충할 수 있다.",0
356,"우유","메추리(메추라기)","하초가 튼튼해진다.",0
357,"우유","닭고기","닭의 비린내를 잡아주면서 특히 닭 날개에 풍부한 콜라젠과 히알루론산의 효과가 더해져 피부에 좋다.",0
358,"염소고기","인삼","기를 보호해주는 인삼의 효능을 증가시킨다.",0
359,"염소고기","팥","염소를 먹고 체했을때는 팥을 태운 가루를 먹으면 좋다.",0
360,"염소고기","아몬드","철분과 단백질의 흡수를 더욱 상승시키는 작용을 한다.",0
361,"염소고기","음양곽","염소는 철쭉꽃을 먹으면 죽고, 음양곽을 먹으면 효과가 배가 된다.",0
362,"염소고기","마늘","양기를 늘리고 속이 허하거나 냉해서 구토하는 증상을 개선해 준다.",0
363,"염소고기","부추","양기를 늘리고 속이 허하거나 냉해서 구토하는 증상을 개선해 준다.",0
364,"자라","닭고기","보양음식이된다.",0
365,"자라","토란","칼슘흡수가 좋아진다.",0
366,"자라","콩","빈혈, 구내염, 설염을 예방한다.",0
367,"자라","호두","빈혈, 구내염, 설염을 예방한다.",0
368,"자라","목이버섯","정혈, 증혈 작용을 한다.",0
369,"감초","검은콩","해독작용을 하고 인후통 등에도 효과가 있다.",0
370,"감초","도라지","편도선염이나 인후염에 좋다.",0
371,"결명자","구기자","눈의 피로를 풀어준다.",0
372,"결명자","다시마","고혈압에 효과가 있다.",0
373,"구기자","숙지황","발육을 촉진하고, 신체의 활력을 촉진시킨다.",0
374,"구기자","오미자","전신허약증에좋 다.",0
375,"구기자","결명자","눈이 보호되고 간 기능이 좋아진다.",0
376,"구기자술","과일주","마시기에 한결 좋다.",0
377,"구기자","흑임자","소화기가 약해서 오는 변비를 다스린다.",0
378,"구기자","생강","맛, 향기, 빛깔이 좋아진다.",0
379,"구기자","대추","맛, 향기, 빛깔이 좋아진다.",0
380,"구기자","국화","눈을 밝게 해 주고 눈병을 다스린다.",0
381,"국화","산사자","고혈압과 고지혈증을 치료하는 데 도움이 된다.",0
382,"국화","뽕잎","진득한 가래, 기침, 갈증과 두통 등에 좋다.",0
383,"국화","매실","간기능을 호전시키고 피로를 푸는 데 효과가 있다.",0
384,"국화","생지황","몸이 가뿐해지고 오래 산다고 알려져 있다.",0
385,"녹차","국화","두통이나 눈이 침침한 데 좋다.",0
386,"녹차","식초","피로 해소에 좋고, 고질적인 변비에도 효과가 있다.",0
387,"녹차","결명자","눈이 밝아진다.",0
388,"당귀","감초","자궁출혈, 자궁내막염, 질염, 불감증에 좋다.",0
389,"당귀","대추","당귀를 끓이면 약간 쓰면서 쌉쌀하다. 당귀술이나 당귀차를 만들때 감초나 대추를 함께하면 효과도 좋고 맛도 좋아져 복용하기 휠씬 수월해진다. 자궁출혈자궁내막염질염불면증성욕저하때에는 당귀와 대추를 함께 차로 마신다.",0
390,"당귀","녹용","조혈기능을 돕는다.",0
391,"당귀","천마","빈혈과 두통을 가라앉힌다.",0
392,"당귀","황기","혈액의 생성을 늘리고 빈혈을 개선한다.",0
393,"당귀","숙지황","뇌의 피로와 전신성 피로 해소에 도움이 된다.",0
394,"당귀","계피","월경 전의 복통에 좋다.",0
395,"두충","호두","무릎에 힘이 없을 때에 효과적이다.",0
396,"두충","대추","태아를 안정시키고, 산후 후유증을 치료해준다.",0
397,"두충","오미자","요통에 좋다.",0
398,"두충","족발","다리에 힘이 없고, 아픈 데 효과가 있다.",0
399,"대추","인삼","속을 따뜻하게 해주는 데다 신경을 안정시키는 효능이 있어 소음인 체질은 인삼과 함께 달여 먹으면 좋다.",0
400,"산수유","당귀","콜레스테롤 강하게 좋다.",0
401,"산수유","두충","고혈압에 좋다.",0
402,"오가피","모과","빈혈과 저혈압에 좋다.",0
403,"오가피","두충","골다공증에 좋다.",0
404,"오가피","구기자","기력 회복에 좋다.",0
405,"오가피","당귀","혈류 개선을 돕는다.",0
406,"오미자","감초","기침을 완화하는데 효과가 좋다. 감초는 해독간염두드러기피부염 등에 좋다. 또한 감초는 모든 약의 독성을 조화시키고 약효과 잘 나오게 해서 모든 한약에 쓰일 만큼 사용범위가 크다. ",0
407,"오미자","맥문동","당뇨에 좋다.",0
408,"오미자","인삼","오미자를 인삼과 차로 마시면 더위로 지쳤을때 체력보강을 하는데 아주 뛰어나다.",0
409,"오미자","통밀","땀이 많이 나는것을 방지 할 수 있다. 식이섬유소가 풍부한 통밀은 배변을 돕기도 하고 혈당상승억제 역할도 한다.",0
410,"오미자","토사자","허리 힘을 세게 해주고 성교불능증을 개선하고 몽정 등에도 좋다.토사자는 주로 간과 신장을 보호하고 양기를 도와준다.",0
411,"오미자","배","갈증을 해결하고 가슴속의 번열을 내리는데 효능이 있다. 시원 달콤한 맛인 배는 변비예방에 아주 좋다.",0
412,"인삼","음양곽","인삼과 음앙곽을 배합하면 성기능 쇠약 및 갱년기 장애에 효과적이다. 음양곽은 남녀의 성기능을 강화하고 고환과 음경의 발육을 향상시키고 자궁과 난소의 발육을 돕고，특히 갱년기 장애와 갱년기성 고혈압 등을 개선하는 효능이 있다.",0
413,"인삼","황기","폐의 기능을 좋게 하고 땀을 조절해준다.",0
414,"인삼","꿀","인삼의 부족한 열량을 더해 체력을 보강하는데 더욱 도움된다. 또한 꿀은 에너지원이 되고 인삼은 신체를 활성화하게 만들어 둘을 같이 먹는 것은 환상의 궁합이라고 할 수 있다.",0
415,"인삼","생강","생강 인삼 계피는 몸을 따뜻하게 하는 약재이다.",0
416,"인삼","당귀","활력 개선, 원기 회복, 영양 공급에 좋다.",0
417,"인삼","마","자양 강장 효능이 있고 기관지를 튼튼하게 해준다.",0
418,"인삼","장어","병후회복 산후조리 정력증강 미용 등에 가히 최고라고 할 수 있다. 장어에 인삼 한약재를 넣고 끓인 장삼탕은 그야말로 보양식의 끝판왕이다.",0
419,"인삼","칡","",0
421,"인삼","우유","인삼을 갈아 우유에 섞어 먹으면 인삼 특유의 쓴맛이 적어져 먹기 편하다.",0
422,"치자","밀가루","",0
423,"치자","마늘","",0
424,"치자","녹두","",0
425,"칡","미나리","",0
426,"칡","녹차","",0
427,"황기","상황버섯","",0
429,"황기","감초","고름을 나오게 하고 독을 없애며 새살을 돋게 한다.",0
430,"강낭콩","달래","자양 효능도 더 커지고 특히 이뇨작용이 강화되어 부기가 잘 빠진다.",0
431,"강낭콩","양파","눈의 피로를 풀어주고 피를 맑게 만드는 효과가 있다.",0
432,"강낭콩","당근","당뇨병성 지방간일 때는 인슐린의 원료가 되는 아연을 함유한 강낭콩을 당근과 함께 섞어서 음식을 만들어 먹으면 좋다.",0
433,"검은콩","설탕","검은콩 삶은 물에 설탕을 섞어서 차처럼 마시면 추위도 쉽게 이기고 기침에도 잘 듣는다.",0
434,"검은콩","술","숙취 해소에 좋다.",0
435,"검은콩","흑임자","",0
436,"검은콩","감초","해독작용을 하고 인후통 등에도 효과가 있다.",0
437,"검은콩","현미식초","식초가 콩에 풍부한 단백질의 소화흡수를 도우며 체내의 세균번식을 억제하는 작용을 한다.",0
438,"검은콩","솔잎","",0
439,"녹두","치자","갱년기장애로 얼굴에 홍조와 열감이 있고 땀이 나다가 어느새 한기를 느끼는 경우에 좋다.",0
440,"녹두","대추","부종이나 배에 물이 차는 복수에 좋다.",0
441,"녹두","팥","부종이나 배에 물이 차는 복수에 좋다.",0
442,"메밀","무","메밀에는 살리실아민과 벤질아민이라는 독소 성분이 있는데, 무와 함께 먹으면 무가 독성을 중화해준다.",0
443,"메밀","오렌지","",0
444,"메밀","당귀","",0
445,"보리","꿀","항암 치료 효과가 있다.",0
446,"보리","아몬드","",0
447,"보리","아보카도","",0
448,"보리","술","",0
449,"보리","밀","",0
450,"수수","설탕","급성 위장염, 구토 설사에 좋다.",0
451,"수수","계란(달걀)","감기에 좋다.",0
452,"수수","부추","성기능 저하와 신허 요통이 있을때 도움이 된다.",0
453,"수수","대추"," 어린 아이들 소화불량에 효과가 있다.",0
454,"옥수수","우유","우유가 단백질을 보충해준다.",0
455,"옥수수","완두콩","",0
456,"옥수수","표고버섯","",0
457,"옥수수","고등어","",0
458,"옥수수","양파","",0
459,"옥수수","마늘","",0
460,"옥수수","두유","에너지로 빨리 전환되므로 바쁜 아침에 먹기 좋다.",0
461,"옥수수","바나나","옥수수와 바나나는 모두 에너지로 빨리 전환되므로 바쁜 아침에 먹기 좋다.",0
462,"옥수수","메밀","",0
463,"옥수수수염","율무","",0
464,"옥수수수염","삼겹살","",0
465,"옥수수수염","수박껍질","",0
466,"율무","녹찻잎","",0
467,"율무","파인애플","",0
468,"율무","매실","",0
469,"율무","둥글레","",0
470,"조","오리고기","",0
471,"조","붕어","",0
472,"조","해파리","",0
473,"조","생지황","",0
474,"조","식초","식초를 조에 배합하면 구토를 다스리는 효과가 있다.",0
475,"조","황기","",0
476,"조","계란(달걀)","",0
477,"참깨","시금치","결석 생성을 예방한다.",0
478,"참깨","부추","참깨는 비타민E가 풍부하며 리놀산, 칼슘이 있어 혈관을 근력을 강화해줘 부추와 함께 먹으면 건강 효능이 배가 된다.",0
479,"참깨","꿀","깨에는 식물성 지방과 단백질이 있어 피부의 점막을 만들어주는 지용성 성분이 들어 있고, 꿀에는 피부와 점막을 만드는 수용성 성분이 들어있어, 이 두 식품을 함께 먹는 것은 필요한 영양소를 완벽하게 섭취할 수 있다.",0
480,"참깨","두유","",0
481,"참깨","고추","",0
482,"참깨","식초","",0
483,"찹쌀","대추","칼슘과 철분 섬유의 함량이 부족한 찹쌀의 결점을 대추가 보완한다. 스태미나 강화에 좋다.",0
484,"쌀","엿기름","",0
485,"쌀","설탕","",0
486,"찹쌀","쑥","섬유소 칼슘 철분을 보완해준다.",0
487,"찹쌀","옻닭","",0
488,"찹쌀","오리고기","",0
489,"우유","통밀","우유가 통밀에 무족한 아미노산을 보충해준다.",0
490,"멥쌀","우유","",0
491,"멥쌀","마가루","",0
492,"멥쌀","곶감","",0
493,"콩","다시마","콩에 함유된 사포닌은 항암 효과와 과산화지방을 막아주는 성분이지만 체내에 들어오면 요오드를 몸 밖으로 배출하는 단점이 있다. 부족하기 쉬운 요오드의 균형을 맞춰주기 위해서는 콩을 먹을 때 다시마와 함께 먹으면 좋다.",0
494,"콩비지","우거지","",0
495,"콩","생선","콜레스테롤 강하에 좋다.",0
496,"콩","생강","체했을 때 좋다.",0
497,"콩","무","",0
498,"콩기름","브로콜리","브로콜리를 기름에 볶으면 비타민A 흡수율이 높아진다. 이때 콩기름이나 참기름을 사용하면 브로콜리의 리놀렌산 효능이 상승된다.",0
499,"메주콩","멸치","손발이 화끈거리는 증상이나 입에서 단내가 나는 것을 가라앉힐 수 있다.",0
500,"메주콩","식초","식초가 콩에 풍부한 단백질의 소화흡수를 도우며 체내의 세균번식을 억제하는 작용을 한다.",0
501,"된장국","부추","된장에 들어있는 나트륨 성분을 부추에 함유된 칼륨이 몸밖으로 배출시켜주며 된장에 부족한 비타민 A와 C를 보충해준다.",0
502,"청국장","요구르트","",0
503,"두유","솔잎","",0
505,"완두콩","보리","",0
506,"완두콩","시금치","",0
507,"통밀","황기","땀을 많이 흘릴 때 좋다.",0
508,"통밀","인삼","기력 증강에 효과가 있다.",0
509,"밀가루","녹두","",0
510,"밀가루","엿기름","",0
511,"밀가루","무","무는 밀가루의 소화를 돕는다.",0
512,"밀가루","식초","식초가 밀가루의 소화를 돕는다.",0
513,"밀가루","두부","",0
514,"팥","술","",0
515,"팥","소금","",0
516,"팥","콩나물","",0
517,"팥","육류","",0
518,"팥","율무","",0
519,"팥","잉어","",0
520,"팥","파","",0
521,"현미","쑥","함께 먹으면 영양성분이 상호보완되고 항암 효과가 상승한다.",0
522,"현미식초","계란(달걀)","현미식초에 계란(달걀)을 담가 초란으로 복용하면 골다공증과 기미에 좋다.",0
523,"현미","다시마","현미를 볶아 다시마 우린 물을 넣고 끓여먹으면 설사로 인한 탈수증상에 좋다.",0
524,"현미","무","현미에 무를 넣고 무밥을 해서 먹으면 중풍 예방 및 휴유증에 좋다.",0
525,"현미식초","우유","",0
526,"현미","팥","",0
527,"현미","콩","",0
528,"현미","녹두","",0
529,"현미","땅콩","",0
530,"현미","율무","현미에도 식이섬유소가 풍부하여 변비 예방에 좋고 피로회복에 좋아 율무와 함께 섭취하였을때 영양적으로 우수하다.율무 현미 밥으로 해 먹는게 도움이 된다.",0
531,"감","우유","",0
533,"감","들깨","",0
534,"귤","꿀","혈액순환,위장과내장기능활성,보혈제,강장제,위를 보호하는 건위게등에 효과가 있다.",0
535,"귤껍질","생선","생선 비린내를 없애며 독을 풀어 주는 역할을 한다.",0
536,"귤껍질","생강","",0
537,"귤껍질","감초","",0
538,"다래","생강","소변을 통해 신장 결석을 제거하는 효능이 있다.",0
539,"다래","꿀","심한 갈증을 다스린다.",0
540,"도토리","소금","",0
541,"도토리","생강","",0
542,"딸기","검은콩","다이어트에 좋다.",0
543,"딸기","파인애플","비타민C가 풍부해 아침에 먹기 좋다.",0
544,"딸기","파프리카","비타민 C가 풍부해 감기예방에 좋다.",1
545,"딸기","식초","다이어트에 좋다.",0
546,"딸기","우유","딸기와 우유를 섞어먹으면 딸기의 자극적인 신맛을 중화시켜주어 먹기 편해진다. 또 같이 섞으면 천천히 먹게 되어 소화 효소의 활동을 돕는 효과가 있으므로 소화 흡수율 또한 좋다.",0
547,"산딸기","구기자","암예방에 좋다. 눈건강에 좋다.",0
548,"땅콩","식초","",0
549,"레몬","바나나","",0
550,"레몬","사과","",0
551,"레몬","굴","",0
552,"레몬","포도","",0
553,"레몬","우유","",0
554,"레몬","인삼","",0
555,"레몬","소금","",0
556,"레몬","차조기","",0
557,"레몬","생강","",0
558,"매실","호두","",0
559,"매실","차조기","차조기는 세균번식억제로 부패예방과 신경안정에 효과가 있고 입맛증가와 피로회복에 좋은 매실의 효능을 높여준다.",0
560,"매실","달래","",0
561,"매실","생선","생선의 비린내를 없애준다.",0
562,"매실","육류","",0
563,"멜론","파인애플","영양과잉으로 얼굴이 불그스름한 비만체질의 고혈압에 효과가 있다.",0
564,"멜론","딸기","잇몸 건강에 좋다. 멜론과딸기를 우유나 요구르트와 함께 주스로 만들어 먹으면 비타민 등 유효성분이 흡수가 잘 된다.",0
565,"멜론","바나나","당질 흡수가 높아져 소아나 노인 특히 과로하거나 심한 운동을 하는 경우에 에너지원으로 좋다. 또 피부가 거칠거나 뾰루지가 잘 날때도 좋다.",0
566,"모과","생강","",0
567,"모과","계피","",0
568,"모과","소금","",0
569,"바나나","계란(달걀)","",0
570,"바나나","딸기","피부미용에 좋다. 위가 약할 때 먹기 좋다.",0
571,"바나나","굴","",0
572,"바나나","견과류","",0
573,"밤","쇠고기(소고기)","",0
574,"밤","양고기","",0
575,"밤","은행","",0
576,"밤","더덕","",0
577,"밤","설탕","",0
578,"밤","돼지콩팥","",0
579,"배","무","",0
580,"배","쌀","",0
581,"배","두유","",0
582,"배","꿀","",0
583,"배","후추","",0
584,"배","검은콩","",0
585,"배","식초","",0
586,"배","연근","",0
587,"배","육류","",0
588,"복숭아","요구르트","",0
589,"복숭아","사과","",0
590,"복숭아","바나나","",0
591,"복숭아","파인애플","소화를 돕고 장내 부패물을 분해해준다.",0
592,"사과","소금","",0
593,"사과","파프리카","피부 미용에 좋다.",0
594,"사과","로열젤리","",0
595,"사과","인삼","사과의 단맛이 인삼의 맛을 중화하며 사과가 비타민을 중화해준다.",0
596,"사과","당근","맛은 물론 비타민의 효능을 더욱 상승시켜준다.",0
597,"사과","양배추","양배추가 비타민 U를 채워준다.",0
598,"사과","호박","폐암 예방에 좋다.",0
599,"사과","키위","폐암 예방에 좋다. 키위가 사과를 부드럽게 익게 한다.",0
600,"사과","레몬즙","레몬즙이 사과의 갈변현상을 막아준다. 피로회복에 좋다.",0
601,"살구","감","",0
602,"살구","설탕","",0
603,"살구","육류","",0
604,"살구","요구르트","",0
605,"수박","멜론","체내 나트륨을 효과적으로 배출할 수 있다. 고혈압과 부종에 좋다.",0
606,"수박","수박껍질","",0
607,"수박","토마토","피로회복 및 숙취해소에 좋다.",0
608,"수박","블루베리","항산화 성분이 있어 미용에 좋다.",0
609,"수박","복숭아","간에 좋고 정혈작용에 도움을 준다.",0
610,"수박","셀러리","고혈압에 좋다.",0
611,"오미자","당귀","",0
612,"오미자","녹두","",0
614,"유자","구기자","",0
615,"유자","된장","",0
616,"유자","잉어","",0
617,"유자","차조기","",0
618,"유자","무","",0
619,"유자","쌀겨","",0
620,"은행","참기름","",0
621,"은행","대추","",0
622,"은행","꿀","",0
623,"은행","구기자","",0
624,"은행","호두","",0
625,"은행","게","",0
626,"은행","돼지기름","",0
627,"자두","시금치","",0
628,"자두","사과","",0
629,"자두","파파야","",0
630,"자두","참외","",0
631,"자두","수박","",0
632,"잣","해조류","",0
633,"잣","우유","",0
634,"잣","오미자","",0
635,"잣","찹쌀","",0
636,"잣","바나나","",0
637,"잣","밤","",0
638,"잣","생강","",0
639,"참외","돼지고기","",0
640,"참외","꿀","",0
641,"키위","대추","",0
642,"토마토","육류","",0
643,"토마토","양파","",0
644,"토마토","부추","",0
645,"토마토","사과","",0
646,"토마토","딸기","노화를 막는다.",0
647,"포도","배","",0
648,"포도주","카레","",0
649,"머루","요구르트","",0
650,"호두","인삼","",0
653,"호두","대추","",0
654,"호두","은행","",0
655,"호두","곶감","",0
656,"겨자","육류","",0
657,"겨자","생선","",0
658,"겨자","당밀","",0
659,"겨자","술","",0
660,"겨자","식초","",0
661,"꿀","검은깨","노인들이나 산모들의 변비가 낫는다.",0
662,"꿀","두유","꿀이 우유의 영양소 흡수를 돕는다.",0
663,"꿀","녹차","",0
664,"꿀","생강","위궤양에 좋다.",0
665,"꿀","레몬즙","",0
666,"꿀","사과식초","피로회복에 효과가좋고 꿀과 식초를 약간 섞어 마시면 된다.",0
667,"꿀","코코아","",0
668,"꿀","참기름","마른기침이 없어진다.",0
669,"로열젤리","꿀","",0
670,"프로폴리스","율무","",0
671,"마늘","식초","",0
672,"마늘","양고기","",0
673,"마늘","게","",0
674,"마늘","우유","",0
675,"마늘","꿀","함암작용으로 각종 암을 예방해 암에 좋다.",0
676,"생강","육류","",0
677,"생강","어류","",0
678,"생강","아욱","",0
679,"생강","계피","",0
680,"생강","설탕","",0
681,"생강","찹쌀","",0
682,"생강","배","",0
683,"설탕","대추","",0
684,"설탕","인절미","",0
685,"설탕","소금","",0
686,"설탕","부추","",0
687,"설탕","녹두","",0
688,"설탕","팥","",0
689,"설탕","칡","",0
690,"사탕수수","생강즙","",0
691,"사탕수수","생동쌀","",0
692,"사탕수수","보리","",0
693,"사탕무","무화과","",0
694,"사탕무","호박","",0
695,"사탕무","당근","",0
696,"사탕무","오이","",0
697,"사탕무","사과","",0
698,"소금","참기름","",0
699,"소금","수박","",0
700,"소금","복숭아","",0
701,"소금","팥","",0
702,"소금","설탕","",0
703,"소금","생강","",0
704,"식초","콩","식초가 콩에 풍부한 단백질의 소화흡수를 도우며 체내의 세균번식을 억제하는 작용을 한다.",0
705,"식초","땅콩","식초가 단백질의 소화흡수를 도우며 체내의 세균번식을 억제하는 작용을 한다.",0
706,"식초","우유","체내 노폐물을 배출시켜 부기를 억제하는 역할을 한다. 다이어트에 도움이 된다.",0
707,"식초","계란(달걀)","",0
708,"식초","마늘","",0
709,"식초","부추","",0
710,"식초","배","",0
711,"식초","양파","",0
712,"식초","검은깨","",0
713,"식초","감","",0
714,"카레","생강","",0
715,"카레","부추","",0
716,"카레","식초","",0
717,"카레","생선","생선 비린내를 줄여주고 기억력에 좋다.",0
718,"카레","육류","",0
719,"카레","파","",0
720,"코코아","바닐라","",0
721,"코코아","양파","",0
722,"초콜릿","아몬드","불포화지방산이 많은 아몬드는 초콜릿에 해로운 콜레스테롤의 체내축적은 줄이고 몸에 좋은 콜레스테롤은 유지시켜줘 함께 먹으면 좋다. ",0
723,"초콜릿","마","",0
724,"파","술","",0
725,"파","된장","",0
726,"파","생강","",0
727,"파","참기름","",0
728,"쌀","쑥","쑥이 쌀의 부족한 영양분을 보충해준다.",0
729,"쌀","솔잎","",0
730,"콩","식초","",0
731,"콩국","국수","뇌의 활동을 돕고 신경을 안정시키며 피를 맑게한다. 간장에 지방이 축적되는 것을 억제한다. ",0
732,"밥","무말랭이","",0
733,"약식","대추","대추는 쇠약한 내장을 회복시키며 이뇨효과도 높아 찹쌀에 부족한 철분과 칼슘 섬유소를 보충한다.",0
734,"찐빵","팥소","찐빵에 부족한 당질의 소화흡수를 도울 수 있는 팥소는 서로 잘 맞는 식품이라고 할 수 있다.",0
735,"호박","강낭콩","호박은 비타민A가 많은 베타카로틴이 풍부하다. 강낭콩에는 글로불린(단백질)이 많아 단백질 섭취에 좋다.",0
736,"녹즙","식초","녹즙에 식초를 섞는 것은 비타민 C의 파괴를 막는 기가막힌 비법이다.",0
737,"머위","들깨즙","머위의 콜레스테롤 제거효과와 큰 불포화지방산을 많이 가지고 있는 들깨즙이 어울림으로써 성인병 예방효과를 기대할 수 있다.",0
739,"곶감","호두","호두의 씁쓸한 맛을 곶감의 단맛이 보완해 주어 훌륭한 조화를 이룬다.",0
740,"수정과","잣","잣속에 있는 성분이 빈혈과 변비를 예방하는 효과 있다.",0
741,"모과차","유자","모과차는 향은 좋지만 맛이 약간 덤덤하므로 마실 때 얇게 저민 유자나 유자청을 곁들이면 맛이 한결 상큼해지고 비타민 C도 보충된다.",0
742,"녹차","레몬","심장병 위험을 감소시키는 것으로 알려진 ‘카테킨’을 함유하고 있는 녹차에 비타민 C 또는 감귤류 주스를 더해 섭취하면 카테킨 흡수율을 높인다는 연구결과가 있다.",0
743,"배","생강","찬성질인 배와 따뜻한 성질인 생각은 서로를 보완한다. 예로부터 담이 나오는 기침을 할때 배즙을 내서 생강즙과 꿀을 타먹으면 효과가 큰것으로 전해진다.",0
744,"바나나","파인애플","파인애플은 당질이 많고 바나나가 갖고 있지 않은 신맛 성분의 구연산을 비롯해서 사과산 주석산을 많이 갖고 있어 바나나의 없는 영양분을 보충해주는 역할을 한다.",0
745,"커피","치커리","카페인 중독을 막는 방법 중 하나가 치커리를 섞어 치커리 차를 만들어 마시면 된다.",0
746,"가지","식물성기름","가지는 조직이 성글어서 기름을 잘 흡수하므로 식물성 기름을 써서 요리하면 리놀레산과 비타민 E를 많이 섭취할 수 있다.",0
747,"토마토","튀김","위 속에서의 소화를 촉진시키고 위의 부담을 가볍게 해준다.",0
748,"사과식초","꿀","사과식초에 꿀을 타서 먹게 되면 꿀이 위를 따뜻하게 해주고 위벽을 보호해주기 때문에 식초의 효과를 증대시키게 된다. 이로 인해 무엇보다 염증 소화 장애 개선은 물론 근육 관절 목의 통증을 개선하는데 효과적이다.",0
749,"가자미","무","가자미의 단백질이 분해되어 맛과 소화성이 향상된다.",4
750,"젓갈","귤","상큼한 맛이 들어가므로 젓갈의 맛이 좋아지고 소금의 피해를 감소시킨다.",32
751,"젓갈","유자","상큼한 맛이 들어가므로 젓갈의 맛이 좋아지고 소금의 피해를 감소시킨다.",0
752,"재첩","부추","재첩에 부족한 비타민 A를 부추가 보충해준다.",0
753,"추어탕","산초","추어탕의 냄새를 중화시킨다.",0
754,"생선초밥","고추냉이","비린내를 없애주고 식중독을 예방해준다.",63
755,"생선회","생강","생강은 비린내를 잡는 것은 물론 항균/살균/억균 그리고 항염 작용을 한다. 또한 단백질 분해 효소가 있어 생선회의 소화를 돕는다.",0
756,"조개탕","쑥갓","간장질환과 담석증에 효과가 있고 소화력을 증진시킨다.",0
757,"연어","생후추","연어 요리를 먹을때 곁들여지는 통후추는 독특한 향기가 있으므로 연어를 먹으면서 통후추를 씹으면 독특한 향기와 맛과 매운맛이 어울려 연어의 맛을 더욱 음미할 수 있다.",0
758,"멸치","풋고추","멸치에는 칼슘 흡수를 방해하는 인이라는 성분이 있어 칼슘 흡수를 돕는 철분 성분이 있는 풋고추와 먹으면 좋다.",0
759,"가쓰오부시","우동다시","가쓰오부시는 멸치와는 달리 칼칼하다기보다는 감칠맛이 강하고 미묘한 단맛과 신맛이 같이 나는 스타일의 국물을 내는데 이것이 일본의 맛과 잘 어울리기 때문에 우동국물과 자주 쓰인다.",0
760,"불고기","들깻잎","들깻잎이 불고기에 부족한 칼슘 비타민AC 엽록소를 채워준다.",0
761,"스테이크","파인애플","고기를 더 부드럽게 해주고 위에 부담을 덜해 소화가 더 잘된다.",0
762,"간","브로콜리"," 브로콜리에는 카로틴과 비타민 C 그리고 섬유질이 풍부하다. 간에는 비타민 A와 필수 아미노산 메치오닌도 많으므로 함께먹으면 피부와 간을 튼튼히 하는데 우수한 식품이다.",0
763,"간","양파","간을 먹을때 양파를 같이 섭취하면 간의 비타민 B를 잘 흡수 할수 있도록 도와주므로 간과 양파는 궁합이 좋다.",0
764,"설렁탕","깍두기","깍두기는 발효식품이기 때문에 칼슘 흡수율이 매우 높아 설렁탕 등 동물성 식품과 잘 어울린다.",0
765,"보신탕","들깨","겨자가 고기의 느끼함과 냄새를 없앤다. 콜레스테롤의 피해를 줄일 수 있고 개고기의 누린내를 제거하는 효과가 있다. 그런데 들깨를 가루로 만들어 오래두면 과산화지질이 가장 잘 만들어지는 식품이 되므로 신선한 들깨가루를 먹는 것이 좋다.",0
766,"닭고기","잉어","스테미나에 좋다.",0
767,"닭고기","옻","옻은 소화를 돕고 관절염 신경통 피부병에도 효과가 있다. 하지만 독을 지니고 있기 때문에 함부로 섭취하기에는 무리가 있다. 이때 닭이 옻을 중화시켜 각자 내재한 유효 성분을 발휘할 수 있도록 도와준다.",0
768,"선짓국","우거지","조혈 철분의 흡수 변비예방에 좋다.",0
769,"선짓국","콩나물","콩나물은 비타민 C가 있는데 함께 먹으면 철분의 흡수를 향상시킨다. 철분을 최대한 흡수시키면서도 변비를 예방하는 콩나물과 선지의 만남은 찰떡궁합인 셈이다.",0
770,"고기","겨자","겨자가 고기의 느끼함과 냄새를 없앤다.",0
771,"양고기","박하(민트)","박하(민트)는 양고기 냄새 제거와 소화를 도와주는 효과를 얻기 위해 함께 쓰여 온 역사가 오래된 음식궁합이다.",0
772,"고기","키위","키위에 함유된 액티니딘이라는 성분이 단백질을 분해하는 역할을 하여 육질이 연해진다.",0
773,"육회","배","배에 들어있는 단백질 분해효소가 연육작용을 해서 소화를 돕는다.",0
774,"우유","간","간을 조리할 때 한동안 우유에 담가두면 간의 독특한 냄새가 많이 제거된다.간으로 요리할 때 우유를 첨가하는 것도 좋은 방법. 우유에 적은 비타민 B₁ B₂등이 보강되는 효과도 있다.",0
775,"빵","햄","빵은 탄수화물을 햄은 단백질은 보충해준다.",0
776,"빵","치즈","빵은 탄수화물을 치즈는 단백질은 보충해준다.",0
777,"카레","요구르트","매운맛이 줄고 독특한 풍미가 생겨난다. 상호보완적이다.",0
778,"스파게티","파르메산치즈","파르메산치즈는 고단백 고열량인 영양 에센스라고 볼 수가 있고 스파게티에 이것을 섞이면 단단한 면 가닥을 씹는 조직감도 색달라 입 안에서 오래 씹게 되는 특징이 있다고 한다.",0
779,"적포도주(와인)","치즈","적포도주에는 과피에서 유래되는 조금 떫은 폴리페놀과 타닌이 있기 때문에 치즈가 잘 어울리게 된다.",0
780,"적포도주(와인)","고기요리","고기의 느끼한 맛을 덜어주고 소화액이 더 잘 분비되고 식욕도 좋아진다.",0
781,"백포도주","생선","육류에 비해 지방조직과 함량이 다른 생선류나 조개종류의 요리를 먹을 때에는 백포도주를 마시는게 좋다.백포도주는 차게 해서 마셔야 산뜻한 산미가 살아나고 그만큼 섬세하다. ",0
782,"백포도주","달팽이요리","달팽이로 만든 여러 가지 요리 중에서도 가장 명성이 높은 것이 에스카르고 아 라 부르고뉴이다. 에스카르고 아 라 부르고뉴를 주문하면서 잊지 말아야 할 것이 부르고뉴 백포도주이다.",0
783,"술","해장국","해장국은 대체로 단백질과 비타민이 많은 영양식이어서 알콜을 잘 분해시켜주는 역할을 한다.술 마시고 난 이튿날 아침에 머리가 아플 때에는 파를 넣은 국이나 죽을 먹으면 효과적이다. 날 파를 바로 국에 넣지 말고 물에 씻은 후 끓은 물에 데쳐 내서 써야한다.",0
784,"더덕","술","술 마시고 체한 데에는 약이 없는 것으로 전해오고 있는데 더덕이 술에 체한 데 가장 좋다고 한다. 더덕은 건위제일 뿐만 아니라 강장식품으로도 유명해서 폐와 비장 신장을 튼튼하게 하는 해주는 식품으로 전래된다. ",0
785,"소나무순","술","솔잎에는 엽록소와 비타민과 무기질 등도 풍부하지만 정신을 맑게하는 특별한 효능이 있다고 한다. 그 효능을 나타내는 성분의 하나가 소나무의 독특한 향기성분인 테르펜이다. 소나무와 잣나무를 원료로 한 모든 술에는 이 향미가 나서 맛이 좋다. 또한 이러한 소나무의 새순을 따서 만든 술을 송순주라고 한다. 술 양에 비해 솔잎이나 순의 분량이 많으면 너무 향미가 강",0
786,"맥주","소시지","맥주 탄산의 깔끔한 맛이 소시지의 느끼함을 없애주고 소화를 도와준다.",0
787,"막걸리","간","간이 가지고 있는 영양 성분의 파괴와 손실을 막으면서 간의 나쁜 냄새를 제거하는데 막걸리가 최고다. 막걸리에는 단백질을 비롯한 비타민 b등 영양 성분이 몹시 많아 간을 담궈도 영양의 손실이 전혀 없고 잡맛을 제거하는 뛰어난 힘이있다.",0
788,"고량주","중국요리","고량주는 기름진 음식을 산뜻하게 먹을 수 있게 하고 소화액의 분비도 도와주므로 격이 맞다.",0
789,"소주","오이","오이가 칼륨을 보충하며 염분과 노폐물 배출이 잘 되어 숙취에 좋으며 몸을 맑게 해 준다.",0
790,"마르가리타","소금","술과 함께 염분과 비타민을 보충하는 좋은 방법이다. 멕시코에서는 테킬라를 마시기 전에 손등에 소금을 얹은 뒤 라임이나 레몬을 씹고 소금을 햝는게 전통적이다.",0
791,"홍어","막걸리","막걸리가 홍어의 암모니아의 자극의 중화시킨다.",0
792,"우유","토마토","우유의 유지방이 토마토의 흡수율을 높여 주고 우유에 포함되어 있는 성분으로 칼슘도 보충할 수 있어 특히 좋다.",0
793,"사과","삼겹살","사과는 칼륨 섭취를 도우며 칼륨 성분이 염분 배출을 돕는다.",0
794,"녹차","삼겹살","녹차는 항산화 물질이 풍부해서 삼겹살 섭취로 인한 산화작용을 막아준다. ",0
795,"김치","삼겹살","김치의 단백질 분해효소가 고기를 소화시키는데 도움을 준다.",0
796,"미나리","삼겹살","삼겹살의 잡내를 제거해주며 미나리의 식이섬유와 플라보노이드가 담즙 분비를 촉진시켜 삼겹살의 포화지방을 분해해준다.",0
797,"삼겹살","상추","상추는 포만감을 일으켜 삼겹살의 과잉 섭취를 막는다. 따라서 체중 조절에 도움이 된다.",0
798,"깻잎","삼겹살","깻잎에 부족한 단백질을 삼겹살이 보완해주고 삼겹살에 부족한 칼슘 무기질 비타민 A B C를 깻잎이 보완해준다. 또한 깻잎의 비타민 C는 고기를 구울 때 생기는 발암물질 타르를 제거해준다.",0
799,"마늘","삼겹살","마늘의 알리신 성분이 삼겹살의 비타민 B1 흡수를 돕는다. ",0
800,"삼겹살","와인","와인의 알칼리 성분이 돼지고기 섭취로 인한 산성화되는 몸을 중화시킨다.",0
801,"삼겹살","새우젓","새우젓은 돼지고기로 섭취된 단백질과 지방을 빠르게 소화시켜주는 역할을 한다.",0
802,"삼겹살","파인애플","파인애플의 브로멜린이 소화작용을 도우며 돼지고기를 부드럽게 해준다. ",0
803,"계란(달걀)","토마토","토마토는 계란(달걀)에 부족한 비타민 C와 식이섬유를 채워주며 계란(달걀)은 토마토에 부족한 단백질을 채워준다.",0
804,"계란(달걀)","치즈","치즈가 칼슘이 부족한 계란(달걀)에 칼슘을 더해준다.",0
805,"계란(달걀)","북어","달걀이 북어의 단백질과 반응하여 단백질 영양 효율을 향상시킨다.",0
806,"김","두부","콩 제품을 먹을 때 요오드 부족을 김이 채워준다.",0
807,"시리얼","우유","시리얼은 비타민과 철분 아연이 풍부해 우유와 함께 먹게 되면 단백질 칼슘 섭취량까지 높일 수 있다.",0
808,"돼지고기","양파","양파는 수분이 많아 육류의 느끼한 맛을 잡는데 제격이고 체지방분해를 돕는다. 혈액순환과 변비예방효과도 있다.",0
809,"삼겹살","양파","양파는 수분이 많아 육류의 느끼한 맛을 잡는데 제격이고 체지방분해를 돕는 성분이 있어 돼지고기와 잘 맞는다. 혈액순환과 변비예방효과도 있다.",0
810,"올리브유(올리브오일)","토마토","항산화 항암효능이 있는 라이코펜 성분이 풍부한 토마토는 지용성 올리브유와 함께 먹으면 흡수율이 5배나 높아진다.",0
811,"사과","포도","혈전 방지 및 심장 건강을 지켜준다.",0
812,"고구마","사과","가스가 생기기 쉬운 고구마를 사과가 막아준다.",0
813,"브로콜리","토마토","전립선암을 예방하는 효과가 있다.",0
814,"된장","바지락","바지락은 된장에 부족한 동물성 단백질을 바지락에서 보충해준다. 또한 된장은 바지락에 부족한 식물성 단백질을 보충시켜준다. ",0
815,"바나나","우유","바나나는 우유의 비타민D 칼슘 마그네슘의 흡수를 높여주는 효능이 있다.",0
816,"돼지고기","쭈꾸미","돼지고기 섭취로 인한 콜레스테롤 위험을 쭈꾸미가 줄여준다.",0
817,"브로콜리","소고기","소고기에 함유된 철분은 체내 흡수율이 낮기 때문에 비타민 C가 많은 브로콜리와 함께 섭취해 주면 좋다.",0
818,"도라지","오리고기","면역력 증강 및 항암효과가 있다.",0
819,"강황","후추","후추가 강황의 흡수를 돕는다.",0
820,"연어","생크림","연어의 비타민 D가 유제품의 칼슘을 흡수한다.",0
821,"새우","표고버섯","표고버섯에는 콜레스테롤 수치를 저하시키는 작용이 있으며 성인병 예방에 좋다.",0
822,"맥주","과일","맥주의 높은 열량이 감소될 수 있다.",0
823,"소주","생선찌개","맵고 짠맛이 적어 궤양을 일으키는 것을 예방해 준다.",0
824,"당근","식용유","당근을 식용유로 조리하면 날로 먹는 것보다 영양이 보존된다.",0
825,"쇠고기(소고기)","배","고기에 배를 섞으면 단백질 분해 작용이 일어나며 고기가 연해지고 맛이 좋아진다. 병후회복 영양보충에 좋다.",0
826,"새우","레몬","새우요리에 레몬을 곁들이면 상큼한 맛이 입맛을 돋우고 산성과 알칼리성의 조화로 균형있는 영양식이 된다.",0
827,"과메기","미역","콜레스테롤을 배출해준다.",0
828,"바나나","브로콜리","피부가 거칠어지는 것 방지해준다.",0
829,"바나나","두유","얼굴이나 다리의 붓기 제거에 좋다.",0
830,"계란(달걀)","복어","달걀이 복어에 들어있는 단백질 영양 효율을 높여준다.",0
831,"냉면","식초","영양 및 위생에 효과가 있다.",0
832,"떡","무","소화를 돕는다.",0
833,"커피","치즈","위벽과 소화기관을 보호한다.",0
834,"아보카도","토마토","토마토는 아보카도의 건강한 지방 흡수를 돕는다.",0
835,"바나나","김치","바나나 먹을 때 퍽퍽함을 없앤다. 김치의 강한 맛과 향 매운맛을 중화시키고. 염분 섭취 함량을 낮춘다. 포만감을 빨리 느껴 다이어트에 좋다.",0
836,"라면","우유","우유에 풍부한 칼슘과 칼륨이 몸의 나트륨 배출을 원활하게 한다.",0
